{"type":"FeatureCollection","features":[{"type":"Feature","properties":{"code":"27102","name":"都島区"},"geometry":{"type":"MultiPolygon","coordinates":[[[[135.51481,34.72057],[135.51489,34.72074],[135.51531,34.72155],[135.51549,34.72191],[135.51551,34.72194],[135.51562,34.72216],[135.51568,34.72231],[135.51584,34.72271],[135.51601,34.72313],[135.51607,34.72328],[135.51653,34.72456],[135.51667,34.72497],[135.51668,34.725],[135.51698,34.72588],[135.51755,34.72755],[135.51797,34.72873],[135.51805,34.72894],[135.51818,34.72924],[135.51852,34.72983],[135.51899,34.73041],[135.51919,34.7306],[135.51972,34.7311],[135.5199,34.73123],[135.52009,34.73136],[135.52046,34.7316],[135.52071,34.73177],[135.52131,34.73219],[135.5222,34.73259],[135.52314,34.7329],[135.52426,34.73318],[135.52474,34.73326],[135.525,34.7333],[135.52502,34.7333],[135.52524,34.73333],[135.52586,34.73341],[135.5259,34.73333],[135.52624,34.73261],[135.52633,34.73245],[135.52661,34.73195],[135.52705,34.73113],[135.52716,34.73093],[135.52728,34.73071],[135.52759,34.73012],[135.52769,34.72994],[135.52776,34.7298],[135.52782,34.72969],[135.5279,34.72954],[135.52793,34.72947],[135.52818,34.72887],[135.52822,34.72882],[135.5284,34.72852],[135.52849,34.72837],[135.52874,34.72797],[135.52901,34.72747],[135.52918,34.72715],[135.5293,34.72692],[135.52948,34.72658],[135.52952,34.72652],[135.5296,34.72632],[135.52973,34.72606],[135.53033,34.725],[135.53048,34.72472],[135.53076,34.72417],[135.53092,34.72384],[135.53108,34.72359],[135.53116,34.72343],[135.53128,34.72327],[135.53138,34.72314],[135.53155,34.7229],[135.53162,34.72281],[135.53168,34.72273],[135.53184,34.72251],[135.53202,34.72227],[135.53205,34.72223],[135.53207,34.7222],[135.5321,34.72216],[135.53243,34.72169],[135.53246,34.72164],[135.53262,34.72141],[135.53266,34.72135],[135.53272,34.72127],[135.53297,34.72091],[135.53307,34.72083],[135.5332,34.72072],[135.53333,34.72061],[135.53357,34.72041],[135.53363,34.72033],[135.53375,34.72017],[135.53378,34.72013],[135.53417,34.71964],[135.53426,34.71954],[135.53429,34.71949],[135.53433,34.71945],[135.53437,34.71941],[135.53439,34.71937],[135.53443,34.71934],[135.53469,34.71903],[135.53491,34.71876],[135.53499,34.71866],[135.53513,34.7185],[135.53516,34.71846],[135.5352,34.71842],[135.53547,34.71809],[135.53587,34.71759],[135.53598,34.71746],[135.53602,34.71742],[135.53606,34.71737],[135.53665,34.71667],[135.53679,34.7165],[135.53682,34.71646],[135.53685,34.71642],[135.5372,34.71601],[135.53729,34.7159],[135.53733,34.71585],[135.53736,34.71581],[135.53768,34.71543],[135.53797,34.71508],[135.53819,34.71482],[135.53838,34.71459],[135.53842,34.71455],[135.53844,34.71451],[135.53875,34.71414],[135.53878,34.7141],[135.5388,34.71407],[135.53898,34.71384],[135.53921,34.71356],[135.53927,34.71349],[135.53957,34.71312],[135.5398,34.71283],[135.53984,34.71278],[135.53986,34.71275],[135.53987,34.71275],[135.53989,34.71271],[135.54021,34.71224],[135.54025,34.71219],[135.54035,34.71204],[135.54041,34.71196],[135.54051,34.71184],[135.54068,34.71163],[135.54069,34.71162],[135.54075,34.71155],[135.54085,34.71142],[135.54065,34.7112],[135.54026,34.71079],[135.53994,34.71044],[135.53989,34.71039],[135.53985,34.71035],[135.5389,34.70934],[135.53884,34.70928],[135.53828,34.70874],[135.538,34.70848],[135.53793,34.70841],[135.53785,34.70833],[135.53784,34.70832],[135.5374,34.70833],[135.53737,34.70833],[135.53659,34.70833],[135.53653,34.70833],[135.53617,34.70833],[135.5363,34.70817],[135.53635,34.70811],[135.53637,34.70808],[135.5364,34.70805],[135.53639,34.70797],[135.53638,34.7079],[135.53629,34.70702],[135.53628,34.70696],[135.53622,34.70639],[135.53623,34.70625],[135.53655,34.70598],[135.5367,34.70578],[135.53672,34.70575],[135.53678,34.70567],[135.53675,34.70499],[135.53675,34.70497],[135.53675,34.70484],[135.53673,34.7044],[135.53673,34.70436],[135.53673,34.70433],[135.53671,34.70386],[135.53662,34.70374],[135.53659,34.70369],[135.53653,34.70361],[135.53657,34.70349],[135.53658,34.70346],[135.53659,34.70343],[135.5367,34.7031],[135.53682,34.70275],[135.53684,34.70245],[135.53684,34.70231],[135.53684,34.70228],[135.53683,34.70204],[135.5368,34.70188],[135.53675,34.70152],[135.53668,34.70111],[135.53661,34.70081],[135.5366,34.70077],[135.53644,34.70011],[135.53641,34.7],[135.5364,34.69996],[135.53639,34.69993],[135.53637,34.69988],[135.53629,34.69958],[135.53626,34.6995],[135.53622,34.69935],[135.5362,34.69926],[135.53613,34.69901],[135.53611,34.69895],[135.536,34.69856],[135.53592,34.69829],[135.53563,34.69729],[135.53561,34.69721],[135.53557,34.69706],[135.53556,34.69701],[135.53551,34.69685],[135.53493,34.6968],[135.53478,34.69681],[135.53472,34.69681],[135.53449,34.69676],[135.53421,34.6967],[135.53441,34.6963],[135.53463,34.69585],[135.53471,34.69569],[135.53472,34.69566],[135.53482,34.69547],[135.53458,34.69539],[135.53427,34.6953],[135.53344,34.69503],[135.53333,34.695],[135.53236,34.69473],[135.5319,34.69459],[135.53185,34.69457],[135.53126,34.69439],[135.52999,34.6939],[135.52985,34.69384],[135.52912,34.69352],[135.52889,34.6934],[135.52866,34.69328],[135.52832,34.69311],[135.52764,34.69275],[135.52696,34.69245],[135.52678,34.69238],[135.52656,34.69228],[135.52631,34.69217],[135.5257,34.69193],[135.5255,34.69187],[135.525,34.69173],[135.52483,34.69168],[135.5248,34.69167],[135.52478,34.69167],[135.5242,34.6915],[135.5234,34.69128],[135.52276,34.69113],[135.52238,34.69108],[135.5222,34.69105],[135.52165,34.69123],[135.5216,34.69124],[135.52125,34.69136],[135.52104,34.69146],[135.52062,34.69167],[135.52057,34.69169],[135.52018,34.69188],[135.52012,34.69191],[135.52008,34.69193],[135.52063,34.69224],[135.52101,34.69253],[135.52107,34.69258],[135.52164,34.69316],[135.52182,34.69338],[135.52203,34.69363],[135.52231,34.69407],[135.52233,34.6941],[135.52241,34.69426],[135.52263,34.69467],[135.52285,34.69536],[135.52288,34.69564],[135.52292,34.69596],[135.52295,34.69622],[135.52295,34.69634],[135.52293,34.69681],[135.52291,34.69695],[135.52286,34.69733],[135.52279,34.69758],[135.52261,34.69836],[135.52249,34.69861],[135.52224,34.69911],[135.52198,34.69962],[135.52176,34.7],[135.52175,34.7],[135.52174,34.70002],[135.52165,34.70018],[135.52101,34.70093],[135.52064,34.70137],[135.5203,34.70178],[135.51984,34.7023],[135.51927,34.70308],[135.51862,34.704],[135.51849,34.70426],[135.51815,34.70491],[135.51809,34.70504],[135.51788,34.70565],[135.51782,34.70588],[135.51773,34.70636],[135.51773,34.70667],[135.51775,34.70724],[135.51783,34.70739],[135.51791,34.70756],[135.51801,34.70777],[135.51818,34.70802],[135.51821,34.70806],[135.5184,34.70833],[135.51854,34.70854],[135.51881,34.70893],[135.52002,34.71021],[135.52012,34.71033],[135.52075,34.71097],[135.52097,34.71125],[135.52108,34.71139],[135.52112,34.71146],[135.52128,34.7117],[135.52134,34.71193],[135.52147,34.7123],[135.5215,34.71257],[135.52151,34.71267],[135.52157,34.71311],[135.52158,34.71394],[135.52149,34.71458],[135.52148,34.71467],[135.52139,34.71499],[135.52118,34.71575],[135.52117,34.71579],[135.521,34.71621],[135.52081,34.71667],[135.52078,34.71675],[135.52053,34.71714],[135.51999,34.7179],[135.51972,34.71828],[135.51911,34.71889],[135.51843,34.71934],[135.51794,34.71958],[135.51782,34.71964],[135.51693,34.71989],[135.51685,34.71992],[135.51669,34.71997],[135.51668,34.71997],[135.51667,34.71998],[135.51627,34.7201],[135.51625,34.72011],[135.5161,34.72016],[135.51578,34.72026],[135.51537,34.72039],[135.51481,34.72057]]]]}},{"type":"Feature","properties":{"code":"27103","name":"福島区"},"geometry":{"type":"MultiPolygon","coordinates":[[[[135.46247,34.6874],[135.46253,34.68794],[135.46253,34.68808],[135.46252,34.6882],[135.46253,34.68887],[135.46255,34.68897],[135.46257,34.68908],[135.46265,34.68921],[135.46297,34.68971],[135.46327,34.6902],[135.46368,34.69081],[135.46374,34.69095],[135.46378,34.6913],[135.46386,34.6915],[135.46387,34.69167],[135.46392,34.69212],[135.46392,34.69234],[135.46386,34.6925],[135.46366,34.69292],[135.46344,34.69341],[135.46326,34.69384],[135.46321,34.69398],[135.46314,34.6942],[135.46313,34.69433],[135.46312,34.6946],[135.46303,34.69498],[135.46299,34.69515],[135.46298,34.69536],[135.46303,34.69559],[135.46304,34.69565],[135.46308,34.69581],[135.4632,34.69601],[135.4632,34.69602],[135.46357,34.69633],[135.46377,34.69641],[135.46392,34.69652],[135.46433,34.69675],[135.46432,34.69676],[135.46392,34.69725],[135.46355,34.69769],[135.46286,34.69849],[135.46188,34.69965],[135.46207,34.69977],[135.46246,34.7],[135.46402,34.70093],[135.4649,34.70145],[135.46634,34.70229],[135.46635,34.70229],[135.46667,34.70248],[135.46802,34.70326],[135.47297,34.70613],[135.47359,34.70649],[135.47378,34.7066],[135.47393,34.70668],[135.47417,34.70682],[135.47444,34.70697],[135.475,34.7063],[135.47512,34.70615],[135.47579,34.70539],[135.4761,34.70504],[135.47674,34.7043],[135.47693,34.70409],[135.47711,34.70388],[135.47724,34.70373],[135.4773,34.70366],[135.47735,34.70361],[135.47741,34.70354],[135.47744,34.70349],[135.47751,34.70342],[135.47768,34.70322],[135.47775,34.70314],[135.47808,34.70275],[135.4784,34.70242],[135.4788,34.7021],[135.47887,34.70205],[135.47897,34.70197],[135.47922,34.70178],[135.47937,34.7017],[135.47951,34.70163],[135.47959,34.70158],[135.47966,34.70154],[135.47984,34.70145],[135.48028,34.70124],[135.48039,34.70118],[135.48081,34.70098],[135.4811,34.70085],[135.48116,34.70083],[135.4812,34.70081],[135.48173,34.70058],[135.48178,34.70056],[135.48182,34.70055],[135.48228,34.70035],[135.48233,34.70032],[135.4824,34.70029],[135.48317,34.70001],[135.4832,34.7],[135.48333,34.69995],[135.48403,34.69969],[135.48404,34.69969],[135.48415,34.69969],[135.48421,34.7],[135.48424,34.70019],[135.4843,34.70047],[135.48457,34.7005],[135.485,34.70053],[135.48511,34.70054],[135.48545,34.70058],[135.48558,34.7006],[135.48565,34.7006],[135.48574,34.70103],[135.48575,34.70106],[135.4864,34.70108],[135.48686,34.70109],[135.48719,34.70103],[135.48732,34.70101],[135.48741,34.70099],[135.48822,34.701],[135.48822,34.70107],[135.48822,34.7011],[135.48825,34.70163],[135.48827,34.70207],[135.48828,34.70229],[135.48858,34.70232],[135.48863,34.70233],[135.48866,34.70233],[135.48903,34.70238],[135.48908,34.70238],[135.48912,34.70239],[135.49019,34.70251],[135.49027,34.70252],[135.49068,34.70257],[135.49027,34.70134],[135.49014,34.70096],[135.48993,34.70025],[135.48988,34.70007],[135.48985,34.7],[135.48965,34.69955],[135.48942,34.69912],[135.48941,34.69909],[135.48934,34.69888],[135.48934,34.69887],[135.48938,34.69865],[135.48941,34.69847],[135.48955,34.6981],[135.48957,34.69805],[135.4896,34.69797],[135.48971,34.69769],[135.4898,34.69745],[135.49,34.69693],[135.49008,34.69673],[135.49012,34.69664],[135.49014,34.69658],[135.49019,34.69646],[135.49025,34.6963],[135.49022,34.69594],[135.49022,34.69585],[135.49022,34.69582],[135.49022,34.69568],[135.49023,34.69567],[135.49026,34.6956],[135.49032,34.69545],[135.49062,34.69472],[135.49081,34.6942],[135.49088,34.69401],[135.49099,34.6937],[135.491,34.69367],[135.49014,34.69335],[135.48913,34.69293],[135.48846,34.69258],[135.48764,34.6921],[135.48701,34.6917],[135.48697,34.69167],[135.48665,34.69143],[135.48657,34.69137],[135.48637,34.69115],[135.48577,34.69054],[135.48495,34.68959],[135.48444,34.689],[135.48396,34.68842],[135.48345,34.68783],[135.48333,34.6877],[135.48289,34.6872],[135.4825,34.68672],[135.48235,34.68653],[135.48214,34.68623],[135.48194,34.68595],[135.48188,34.68585],[135.48178,34.6857],[135.48176,34.68566],[135.48153,34.6853],[135.48119,34.68465],[135.48116,34.68458],[135.48109,34.6845],[135.48072,34.68408],[135.48031,34.68366],[135.47993,34.68333],[135.47977,34.6832],[135.47945,34.68302],[135.47866,34.68272],[135.47665,34.68204],[135.475,34.68149],[135.47317,34.68087],[135.47285,34.68077],[135.47243,34.68064],[135.47217,34.68061],[135.47206,34.68061],[135.47188,34.68091],[135.47185,34.68096],[135.47154,34.68133],[135.47154,34.68134],[135.47099,34.68186],[135.47084,34.68203],[135.47076,34.68215],[135.47043,34.68264],[135.4704,34.68269],[135.47036,34.68276],[135.47003,34.68325],[135.46997,34.68333],[135.4695,34.68403],[135.46937,34.68424],[135.46909,34.68468],[135.469,34.68483],[135.46889,34.68494],[135.46886,34.68497],[135.46881,34.68502],[135.46844,34.68533],[135.46833,34.68541],[135.46829,34.68545],[135.46815,34.68564],[135.46805,34.68577],[135.46777,34.68596],[135.46746,34.6861],[135.46689,34.68635],[135.46667,34.68643],[135.46658,34.68646],[135.46656,34.68647],[135.46622,34.68654],[135.4653,34.68666],[135.46483,34.68674],[135.4644,34.68682],[135.46438,34.68683],[135.46426,34.68685],[135.46387,34.68693],[135.46315,34.68708],[135.46284,34.68715],[135.46245,34.68723],[135.46247,34.6874]]]]}},{"type":"Feature","properties":{"code":"27104","name":"此花区"},"geometry":{"type":"MultiPolygon","coordinates":[[[[135.39844,34.65742],[135.39875,34.65728],[135.39884,34.65724],[135.39877,34.65714],[135.39868,34.65718],[135.39838,34.65732],[135.39829,34.65735],[135.39836,34.65746],[135.39844,34.65742]],[[135.39879,34.65801],[135.39917,34.65784],[135.39918,34.65784],[135.39919,34.65783],[135.3992,34.65783],[135.3992,34.65782],[135.39921,34.65782],[135.39922,34.65781],[135.39922,34.6578],[135.39922,34.65779],[135.39923,34.65779],[135.39923,34.65778],[135.39923,34.65777],[135.39923,34.65776],[135.39922,34.65775],[135.39922,34.65774],[135.399,34.65742],[135.399,34.65741],[135.39899,34.6574],[135.39898,34.6574],[135.39898,34.65739],[135.39897,34.65738],[135.39896,34.65738],[135.39895,34.65738],[135.39894,34.65738],[135.39893,34.65737],[135.39892,34.65737],[135.3989,34.65737],[135.39889,34.65737],[135.39888,34.65738],[135.39887,34.65738],[135.39886,34.65738],[135.39885,34.65739],[135.39851,34.65754],[135.3985,34.65755],[135.39849,34.65755],[135.39848,34.65756],[135.39847,34.65757],[135.39846,34.65757],[135.39845,34.65758],[135.39845,34.65759],[135.39844,34.65759],[135.39844,34.6576],[135.39844,34.65761],[135.39844,34.65762],[135.39844,34.65763],[135.39844,34.65764],[135.39844,34.65765],[135.39844,34.65766],[135.39845,34.65767],[135.39866,34.65798],[135.39866,34.65799],[135.39867,34.65799],[135.39867,34.658],[135.39868,34.65801],[135.39869,34.65801],[135.3987,34.65802],[135.39871,34.65802],[135.39872,34.65802],[135.39873,34.65802],[135.39874,34.65803],[135.39875,34.65802],[135.39876,34.65802],[135.39877,34.65802],[135.39878,34.65802],[135.39879,34.65802],[135.39879,34.65801]],[[135.4,34.65975],[135.39996,34.65977],[135.39995,34.65977],[135.39994,34.65978],[135.39993,34.65978],[135.39993,34.65979],[135.39992,34.65979],[135.39991,34.6598],[135.39991,34.65981],[135.3999,34.65982],[135.3999,34.65983],[135.3999,34.65984],[135.3999,34.65985],[135.3999,34.65986],[135.3999,34.65987],[135.39991,34.65988],[135.39993,34.65991],[135.4,34.66001],[135.40012,34.66019],[135.40012,34.6602],[135.40013,34.66021],[135.40014,34.66022],[135.40015,34.66023],[135.40016,34.66023],[135.40017,34.66023],[135.40018,34.66024],[135.40019,34.66024],[135.4002,34.66024],[135.40021,34.66024],[135.40022,34.66024],[135.40023,34.66024],[135.40024,34.66024],[135.40025,34.66024],[135.40026,34.66023],[135.40027,34.66022],[135.40062,34.66007],[135.40064,34.66006],[135.40065,34.66006],[135.40065,34.66005],[135.40066,34.66005],[135.40067,34.66004],[135.40067,34.66003],[135.40068,34.66003],[135.40068,34.66002],[135.40069,34.66001],[135.40069,34.66],[135.40069,34.65999],[135.40069,34.65998],[135.40069,34.65997],[135.40069,34.65996],[135.40068,34.65996],[135.40068,34.65995],[135.40065,34.65991],[135.40047,34.65964],[135.40047,34.65963],[135.40046,34.65962],[135.40045,34.65961],[135.40044,34.65961],[135.40043,34.6596],[135.40042,34.6596],[135.40042,34.65959],[135.40041,34.65959],[135.4004,34.65959],[135.40039,34.65959],[135.40037,34.65959],[135.40036,34.65959],[135.40035,34.65959],[135.40035,34.6596],[135.40034,34.6596],[135.40033,34.6596],[135.4,34.65975]],[[135.40042,34.66059],[135.40051,34.66055],[135.40082,34.66041],[135.40092,34.66036],[135.40078,34.66016],[135.40068,34.6602],[135.40037,34.66034],[135.40028,34.66038],[135.40042,34.66059]],[[135.42082,34.66446],[135.42085,34.66447],[135.42087,34.66448],[135.42089,34.66447],[135.4209,34.66446],[135.42092,34.66441],[135.42087,34.6644],[135.42086,34.66441],[135.42066,34.66435],[135.42066,34.66434],[135.42062,34.66432],[135.4206,34.66433],[135.42041,34.66428],[135.42041,34.66426],[135.42037,34.66425],[135.42036,34.66426],[135.42016,34.6642],[135.42016,34.66419],[135.42013,34.66418],[135.42011,34.66419],[135.41991,34.66413],[135.41991,34.66412],[135.41988,34.66411],[135.41987,34.66412],[135.41967,34.66406],[135.41966,34.66405],[135.41963,34.66404],[135.41962,34.66405],[135.41942,34.66399],[135.41942,34.66398],[135.41938,34.66397],[135.41937,34.66398],[135.41934,34.66397],[135.41932,34.66402],[135.41933,34.66404],[135.4194,34.66406],[135.41941,34.66405],[135.41942,34.66403],[135.41959,34.66408],[135.41958,34.6641],[135.41959,34.66411],[135.41964,34.66412],[135.41965,34.66412],[135.41966,34.6641],[135.41984,34.66415],[135.41983,34.66417],[135.41983,34.66418],[135.41989,34.6642],[135.4199,34.66419],[135.41991,34.66417],[135.42008,34.66422],[135.42008,34.66424],[135.42008,34.66425],[135.42014,34.66426],[135.42015,34.66426],[135.42016,34.66424],[135.42033,34.66429],[135.42032,34.66431],[135.42033,34.66432],[135.42038,34.66434],[135.4204,34.66433],[135.42041,34.66432],[135.42057,34.66436],[135.42057,34.66438],[135.42057,34.66439],[135.42063,34.66441],[135.42064,34.6644],[135.42065,34.66439],[135.42082,34.66443],[135.42082,34.66445],[135.42082,34.66446]],[[135.43064,34.65833],[135.43034,34.65817],[135.4302,34.65809],[135.42967,34.65779],[135.42924,34.65755],[135.42849,34.65707],[135.42754,34.65648],[135.42627,34.65572],[135.42503,34.65638],[135.425,34.6564],[135.42354,34.65714],[135.42341,34.65738],[135.42342,34.65738],[135.4234,34.65742],[135.42338,34.65746],[135.42313,34.65737],[135.42312,34.65738],[135.4231,34.65737],[135.42311,34.65735],[135.42277,34.65723],[135.42272,34.65713],[135.42267,34.65703],[135.42267,34.65694],[135.42266,34.6569],[135.42265,34.6569],[135.42275,34.65686],[135.42282,34.65688],[135.42296,34.65713],[135.42306,34.6571],[135.42128,34.65387],[135.42126,34.65387],[135.42123,34.6538],[135.42122,34.6538],[135.42116,34.65382],[135.42116,34.65383],[135.42119,34.65389],[135.42118,34.6539],[135.42271,34.65668],[135.42269,34.65673],[135.42258,34.65677],[135.42257,34.65676],[135.42248,34.65679],[135.42085,34.65383],[135.42082,34.65384],[135.42083,34.65383],[135.42082,34.65381],[135.42081,34.65381],[135.4208,34.6538],[135.42081,34.65379],[135.4208,34.65378],[135.42079,34.65378],[135.42078,34.65377],[135.4208,34.65377],[135.42079,34.65375],[135.42077,34.65375],[135.42075,34.65375],[135.42076,34.65374],[135.42074,34.65373],[135.42073,34.65374],[135.42071,34.65373],[135.42072,34.65372],[135.4207,34.65371],[135.42069,34.65372],[135.42067,34.65371],[135.42067,34.6537],[135.42065,34.6537],[135.42065,34.65371],[135.42062,34.6537],[135.42063,34.65369],[135.42061,34.65368],[135.42061,34.65369],[135.42058,34.65368],[135.42059,34.65367],[135.42057,34.65366],[135.42056,34.65368],[135.42054,34.65367],[135.42054,34.65366],[135.42052,34.65365],[135.42052,34.65366],[135.42049,34.65365],[135.4205,34.65364],[135.42048,34.65363],[135.42047,34.65364],[135.42045,34.65364],[135.42046,34.65362],[135.42044,34.65361],[135.42043,34.65363],[135.42041,34.65362],[135.42041,34.65361],[135.42039,34.6536],[135.42038,34.65361],[135.42036,34.6536],[135.42037,34.65359],[135.42035,34.65358],[135.42034,34.65359],[135.42032,34.65358],[135.42033,34.65357],[135.42031,34.65357],[135.4203,34.65358],[135.42028,34.65357],[135.42028,34.65356],[135.42026,34.65355],[135.42025,34.65356],[135.42023,34.65355],[135.42024,34.65354],[135.42022,34.65353],[135.42022,34.65355],[135.42019,34.65353],[135.42018,34.65352],[135.42017,34.65353],[135.42015,34.65352],[135.42015,34.65351],[135.42013,34.6535],[135.42012,34.65351],[135.4201,34.6535],[135.42011,34.65349],[135.42009,34.65348],[135.42008,34.6535],[135.42006,34.65349],[135.42006,34.65348],[135.42004,34.65347],[135.42004,34.65348],[135.42001,34.65347],[135.42002,34.65346],[135.42,34.65345],[135.42,34.65346],[135.41997,34.65345],[135.41998,34.65345],[135.41996,34.65344],[135.41995,34.65345],[135.41993,34.65344],[135.41993,34.65343],[135.41991,34.65342],[135.41991,34.65343],[135.41988,34.65342],[135.41989,34.65341],[135.41987,34.6534],[135.41986,34.65342],[135.41984,34.65341],[135.41985,34.6534],[135.41983,34.65339],[135.41982,34.6534],[135.4198,34.65339],[135.4198,34.65338],[135.41978,34.65337],[135.41978,34.65338],[135.41975,34.65337],[135.41976,34.65337],[135.41974,34.65336],[135.41973,34.65337],[135.41971,34.65336],[135.41972,34.65335],[135.41969,34.65334],[135.41969,34.65335],[135.41967,34.65334],[135.41967,34.65333],[135.41965,34.65332],[135.41964,34.65334],[135.41962,34.65333],[135.41963,34.65332],[135.41961,34.65331],[135.4196,34.65332],[135.41958,34.65331],[135.41959,34.6533],[135.41957,34.65329],[135.41956,34.65331],[135.41954,34.65329],[135.41952,34.65328],[135.41951,34.65329],[135.4195,34.65328],[135.4195,34.65327],[135.41948,34.65326],[135.41947,34.65327],[135.41945,34.65326],[135.41945,34.65325],[135.41944,34.65324],[135.41943,34.65326],[135.4194,34.65324],[135.41939,34.65325],[135.41938,34.65324],[135.41937,34.65325],[135.41938,34.65326],[135.41936,34.65327],[135.41936,34.65326],[135.41934,34.65327],[135.41935,34.65328],[135.41933,34.65329],[135.41932,34.65328],[135.4193,34.6533],[135.41931,34.65331],[135.4193,34.65332],[135.41929,34.65331],[135.41927,34.65332],[135.41928,34.65333],[135.41926,34.65335],[135.41925,34.65334],[135.41923,34.65335],[135.41924,34.65336],[135.41923,34.65336],[135.41922,34.65335],[135.41921,34.65336],[135.41921,34.65338],[135.41922,34.6534],[135.4192,34.65341],[135.4192,34.65342],[135.41922,34.65342],[135.41922,34.65344],[135.41921,34.65346],[135.41923,34.65346],[135.41923,34.65348],[135.41922,34.65349],[135.41922,34.6535],[135.41923,34.6535],[135.41924,34.65352],[135.41922,34.65353],[135.41923,34.65354],[135.41924,34.65354],[135.41925,34.65356],[135.41923,34.65357],[135.41923,34.65358],[135.41925,34.65358],[135.41925,34.6536],[135.41924,34.6536],[135.41924,34.65362],[135.41926,34.65362],[135.41926,34.65364],[135.41925,34.65364],[135.41925,34.65366],[135.41927,34.65367],[135.41927,34.65369],[135.41927,34.65372],[135.41926,34.65372],[135.41926,34.65374],[135.41928,34.65374],[135.41928,34.65376],[135.41927,34.65376],[135.41927,34.65378],[135.41928,34.65377],[135.41929,34.65379],[135.41927,34.6538],[135.41927,34.65381],[135.41929,34.65381],[135.4193,34.65383],[135.41928,34.65384],[135.41928,34.65385],[135.4193,34.65385],[135.4193,34.65388],[135.41929,34.65388],[135.41929,34.6539],[135.41931,34.65389],[135.41931,34.65391],[135.4193,34.65392],[135.4193,34.65393],[135.41931,34.65393],[135.41932,34.65395],[135.4193,34.65395],[135.41931,34.65397],[135.41932,34.65397],[135.41933,34.65399],[135.41931,34.654],[135.41931,34.65401],[135.41933,34.65401],[135.41933,34.65403],[135.41932,34.65404],[135.41932,34.65405],[135.41934,34.65405],[135.41934,34.65407],[135.41932,34.65407],[135.41933,34.65409],[135.41934,34.65409],[135.41935,34.65411],[135.41933,34.65412],[135.41933,34.65413],[135.41935,34.65413],[135.41936,34.65415],[135.41934,34.65415],[135.41934,34.65417],[135.41936,34.65417],[135.41936,34.65419],[135.41935,34.65419],[135.41935,34.65421],[135.41937,34.65421],[135.41937,34.65423],[135.41936,34.65423],[135.41936,34.65425],[135.41937,34.65425],[135.41937,34.65426],[135.41931,34.65426],[135.41936,34.65459],[135.41942,34.65459],[135.41942,34.65461],[135.41944,34.6546],[135.41944,34.65462],[135.41942,34.65463],[135.41943,34.65464],[135.41945,34.65464],[135.41945,34.65466],[135.41944,34.65467],[135.41944,34.65469],[135.41945,34.65469],[135.41946,34.6547],[135.41944,34.65471],[135.41944,34.65472],[135.41946,34.65472],[135.41946,34.65474],[135.41945,34.65474],[135.41945,34.65476],[135.41947,34.65476],[135.41947,34.65478],[135.41946,34.65478],[135.41946,34.6548],[135.41948,34.6548],[135.41948,34.65482],[135.41946,34.65482],[135.41947,34.65484],[135.41948,34.65484],[135.41948,34.65486],[135.41947,34.65486],[135.41947,34.65488],[135.41949,34.65488],[135.41949,34.6549],[135.41948,34.6549],[135.41948,34.65492],[135.41949,34.65492],[135.4195,34.65494],[135.41949,34.65494],[135.41949,34.65496],[135.4195,34.65496],[135.41951,34.65498],[135.41949,34.65498],[135.41949,34.65499],[135.41951,34.65499],[135.41951,34.65501],[135.4195,34.65502],[135.41951,34.65503],[135.41952,34.65503],[135.41952,34.65505],[135.4195,34.65506],[135.41951,34.65507],[135.41953,34.65507],[135.41953,34.65509],[135.41951,34.6551],[135.41952,34.65511],[135.41953,34.65511],[135.41954,34.65513],[135.41952,34.65514],[135.41952,34.65515],[135.41954,34.65515],[135.41954,34.65517],[135.41953,34.65517],[135.41953,34.65519],[135.41955,34.65519],[135.41955,34.65521],[135.41954,34.65521],[135.41954,34.65523],[135.41956,34.65523],[135.41956,34.65525],[135.41954,34.65525],[135.41954,34.65527],[135.41956,34.65527],[135.41957,34.65529],[135.41955,34.65529],[135.41955,34.65531],[135.41957,34.65531],[135.41957,34.65533],[135.41956,34.65533],[135.41956,34.65535],[135.41958,34.65534],[135.41958,34.65536],[135.41957,34.65537],[135.41957,34.65538],[135.41958,34.65538],[135.41959,34.6554],[135.41957,34.65541],[135.41958,34.65542],[135.41959,34.65542],[135.41959,34.65544],[135.41958,34.65545],[135.41958,34.65546],[135.4196,34.65546],[135.4196,34.65548],[135.41959,34.65548],[135.41959,34.6555],[135.41961,34.6555],[135.41961,34.65552],[135.41959,34.65552],[135.4196,34.65554],[135.41961,34.65554],[135.41962,34.65556],[135.4196,34.65556],[135.4196,34.65558],[135.41962,34.65558],[135.41962,34.6556],[135.41961,34.6556],[135.41961,34.65562],[135.41963,34.65562],[135.41963,34.65564],[135.41962,34.65564],[135.41962,34.65566],[135.41963,34.65566],[135.41964,34.65568],[135.41962,34.65568],[135.41963,34.6557],[135.41964,34.6557],[135.41964,34.65571],[135.41963,34.65572],[135.41963,34.65573],[135.41965,34.65573],[135.41965,34.65575],[135.41964,34.65576],[135.41964,34.65577],[135.41966,34.65577],[135.41966,34.65579],[135.41964,34.65579],[135.41964,34.65581],[135.41966,34.65581],[135.41967,34.65583],[135.41965,34.65583],[135.41965,34.65585],[135.41966,34.65585],[135.41967,34.65587],[135.41966,34.65587],[135.41966,34.65589],[135.41968,34.65589],[135.41968,34.65591],[135.41967,34.65591],[135.41967,34.65593],[135.41968,34.65593],[135.41969,34.65595],[135.41967,34.65595],[135.41968,34.65597],[135.41969,34.65597],[135.41969,34.65598],[135.41968,34.65599],[135.41968,34.656],[135.4197,34.656],[135.4197,34.65602],[135.41968,34.65603],[135.41969,34.65604],[135.41971,34.65604],[135.41971,34.65606],[135.41969,34.65607],[135.41969,34.65608],[135.41971,34.65608],[135.41972,34.6561],[135.4197,34.6561],[135.4197,34.65612],[135.41972,34.65612],[135.41972,34.65614],[135.41971,34.65614],[135.41971,34.65616],[135.41966,34.65616],[135.41973,34.65653],[135.41978,34.65653],[135.41978,34.65655],[135.4198,34.65655],[135.41981,34.65657],[135.41979,34.65657],[135.41979,34.65658],[135.41981,34.65658],[135.41981,34.6566],[135.41979,34.65661],[135.4198,34.65662],[135.41981,34.65662],[135.41982,34.65664],[135.4198,34.65665],[135.41981,34.65666],[135.41982,34.65666],[135.41983,34.65668],[135.41981,34.65669],[135.41981,34.6567],[135.41983,34.6567],[135.41983,34.65672],[135.41981,34.65672],[135.41982,34.65674],[135.41983,34.65674],[135.41984,34.65676],[135.41982,34.65676],[135.41983,34.65678],[135.41984,34.65678],[135.41984,34.6568],[135.41983,34.6568],[135.41983,34.65682],[135.41985,34.65682],[135.41985,34.65684],[135.41984,34.65684],[135.41984,34.65686],[135.41986,34.65686],[135.41986,34.65688],[135.41984,34.65688],[135.41985,34.6569],[135.41986,34.6569],[135.41987,34.65691],[135.41985,34.65692],[135.41985,34.65693],[135.41987,34.65693],[135.41987,34.65695],[135.41986,34.65696],[135.41986,34.65697],[135.41988,34.65697],[135.41988,34.65699],[135.41987,34.65699],[135.41987,34.65701],[135.41988,34.65701],[135.41989,34.65703],[135.41987,34.65704],[135.41988,34.65705],[135.41989,34.65705],[135.41989,34.65707],[135.41988,34.65707],[135.41988,34.65709],[135.4199,34.65709],[135.4199,34.65711],[135.41989,34.65711],[135.41989,34.65713],[135.41991,34.65713],[135.41991,34.65715],[135.41989,34.65715],[135.4199,34.65718],[135.41984,34.65718],[135.41992,34.65755],[135.41996,34.65755],[135.41997,34.65755],[135.41998,34.65755],[135.41999,34.65757],[135.41997,34.65758],[135.41998,34.65759],[135.41999,34.65759],[135.42,34.65761],[135.41998,34.65762],[135.41998,34.65764],[135.42,34.65763],[135.42001,34.65765],[135.41999,34.65766],[135.41999,34.65767],[135.42001,34.65767],[135.42001,34.65769],[135.41999,34.65769],[135.42,34.65771],[135.42001,34.65771],[135.42002,34.65773],[135.42,34.65773],[135.42,34.65775],[135.42002,34.65775],[135.42002,34.65777],[135.42001,34.65777],[135.42001,34.65779],[135.42003,34.65779],[135.42003,34.65781],[135.42001,34.65781],[135.42002,34.65783],[135.42003,34.65783],[135.42003,34.65785],[135.42002,34.65785],[135.42003,34.65787],[135.42004,34.65787],[135.42005,34.65788],[135.42003,34.65789],[135.42004,34.65791],[135.42005,34.6579],[135.42005,34.65792],[135.42004,34.65793],[135.42004,34.65794],[135.42006,34.65794],[135.42006,34.65796],[135.42005,34.65797],[135.42005,34.65799],[135.42007,34.65798],[135.42007,34.658],[135.42005,34.65801],[135.42006,34.65802],[135.42007,34.65802],[135.42008,34.65804],[135.42006,34.65804],[135.42006,34.65806],[135.42008,34.65806],[135.42008,34.65808],[135.42007,34.65808],[135.42007,34.6581],[135.42009,34.6581],[135.42009,34.65812],[135.42008,34.65812],[135.42008,34.65814],[135.42009,34.65814],[135.4201,34.65815],[135.42003,34.65815],[135.42002,34.65816],[135.42003,34.65822],[135.42004,34.65822],[135.42012,34.65822],[135.42013,34.65828],[135.42006,34.65829],[135.42005,34.6583],[135.42006,34.65833],[135.42007,34.6584],[135.42007,34.65841],[135.42015,34.6584],[135.42016,34.65846],[135.42009,34.65847],[135.42008,34.65848],[135.42009,34.65854],[135.4201,34.65854],[135.42017,34.65853],[135.42022,34.6588],[135.42015,34.65881],[135.42014,34.65881],[135.42015,34.65887],[135.42016,34.65887],[135.42023,34.65886],[135.42026,34.65899],[135.42019,34.659],[135.42018,34.65901],[135.4202,34.65911],[135.4202,34.65912],[135.42028,34.65911],[135.4203,34.65924],[135.42023,34.65925],[135.42023,34.65926],[135.42023,34.65931],[135.42024,34.65931],[135.42032,34.6593],[135.42034,34.65945],[135.42029,34.65946],[135.42042,34.66001],[135.42046,34.6602],[135.42042,34.66019],[135.42042,34.66018],[135.4204,34.66017],[135.4204,34.66018],[135.42031,34.66016],[135.42032,34.66015],[135.4203,34.66014],[135.4203,34.66015],[135.42021,34.66013],[135.42021,34.66012],[135.4202,34.66011],[135.4202,34.66012],[135.42011,34.6601],[135.42011,34.66009],[135.4201,34.66008],[135.42009,34.66009],[135.42,34.66007],[135.42001,34.66006],[135.41999,34.66005],[135.41999,34.66007],[135.4199,34.66004],[135.4199,34.66003],[135.41989,34.66002],[135.41988,34.66004],[135.4198,34.66001],[135.4198,34.66],[135.41978,34.65999],[135.41978,34.66],[135.41978,34.66001],[135.41978,34.66],[135.41969,34.65998],[135.4197,34.65997],[135.41968,34.65996],[135.41968,34.65998],[135.41959,34.65995],[135.4196,34.65994],[135.41958,34.65993],[135.41958,34.65995],[135.41949,34.65992],[135.41949,34.65991],[135.41948,34.6599],[135.41947,34.65992],[135.41938,34.65989],[135.41939,34.65988],[135.41938,34.65988],[135.41937,34.65989],[135.41928,34.65987],[135.41929,34.65985],[135.41927,34.65985],[135.41926,34.65986],[135.41918,34.65984],[135.41918,34.65982],[135.41917,34.65982],[135.41916,34.65983],[135.41907,34.65981],[135.41908,34.65979],[135.41906,34.65979],[135.41906,34.6598],[135.41897,34.65978],[135.41898,34.65976],[135.41896,34.65976],[135.41895,34.65977],[135.4189,34.65976],[135.4189,34.65975],[135.4189,34.65974],[135.41889,34.65974],[135.41888,34.65975],[135.41808,34.65952],[135.41781,34.65833],[135.41764,34.6576],[135.41763,34.6576],[135.41763,34.65761],[135.41762,34.65761],[135.41762,34.6576],[135.4176,34.65761],[135.41752,34.65762],[135.41737,34.65698],[135.41749,34.65696],[135.4175,34.65696],[135.41748,34.65688],[135.41747,34.65688],[135.41747,34.65687],[135.41735,34.65689],[135.41733,34.6568],[135.41745,34.65678],[135.41739,34.65655],[135.41735,34.65656],[135.41735,34.65655],[135.41727,34.65656],[135.41725,34.65645],[135.41737,34.65643],[135.41736,34.65642],[135.41737,34.65642],[135.41735,34.65635],[135.41734,34.65634],[135.41723,34.65636],[135.41689,34.65489],[135.41685,34.65489],[135.41683,34.65487],[135.41681,34.65487],[135.4168,34.65487],[135.41667,34.65487],[135.41659,34.65487],[135.41656,34.65478],[135.41655,34.65478],[135.41654,34.65475],[135.41656,34.65475],[135.41651,34.65456],[135.41651,34.65454],[135.41628,34.65362],[135.41627,34.6536],[135.41627,34.65358],[135.41626,34.65357],[135.41624,34.65347],[135.41623,34.65344],[135.41623,34.65342],[135.41617,34.6532],[135.41616,34.65315],[135.41616,34.65314],[135.41601,34.65252],[135.41595,34.65227],[135.41574,34.65219],[135.41578,34.65211],[135.4157,34.65198],[135.41454,34.65157],[135.41431,34.65167],[135.41431,34.65168],[135.4143,34.65169],[135.41425,34.65178],[135.4143,34.65198],[135.41436,34.65206],[135.41524,34.65585],[135.41525,34.65607],[135.41576,34.65833],[135.41595,34.65918],[135.41594,34.65918],[135.41594,34.6592],[135.41593,34.6592],[135.41593,34.65922],[135.41595,34.65922],[135.41595,34.65923],[135.41594,34.65924],[135.41594,34.65925],[135.41596,34.65925],[135.41596,34.65927],[135.41595,34.65927],[135.41595,34.65929],[135.41597,34.65929],[135.41597,34.6593],[135.41596,34.65931],[135.41596,34.65932],[135.41597,34.65932],[135.41598,34.65934],[135.41596,34.65934],[135.41597,34.65936],[135.41598,34.65936],[135.41599,34.65938],[135.41597,34.65938],[135.41598,34.65939],[135.41599,34.65939],[135.41599,34.65941],[135.41598,34.65941],[135.41598,34.65943],[135.416,34.65943],[135.416,34.65945],[135.41599,34.65945],[135.41599,34.65946],[135.416,34.65946],[135.41601,34.65948],[135.416,34.65948],[135.416,34.6595],[135.41602,34.6595],[135.41602,34.65952],[135.416,34.65952],[135.41601,34.65954],[135.41602,34.65953],[135.41603,34.65955],[135.41601,34.65955],[135.41602,34.65957],[135.41603,34.65957],[135.41603,34.65959],[135.41602,34.65959],[135.41602,34.6596],[135.41604,34.6596],[135.41604,34.65962],[135.41603,34.65962],[135.41603,34.65966],[135.416,34.65967],[135.41602,34.65975],[135.41606,34.65975],[135.41606,34.65977],[135.41606,34.65978],[135.41608,34.65978],[135.41608,34.6598],[135.41607,34.65981],[135.41607,34.65982],[135.41608,34.65982],[135.41609,34.65983],[135.41608,34.65984],[135.41608,34.65985],[135.41609,34.65985],[135.4161,34.65987],[135.41608,34.65987],[135.41609,34.65989],[135.4161,34.65989],[135.41611,34.65991],[135.41609,34.65991],[135.41609,34.65992],[135.41611,34.65992],[135.41611,34.65994],[135.4161,34.65995],[135.4161,34.65996],[135.41612,34.65996],[135.41612,34.65998],[135.41611,34.65998],[135.41611,34.65999],[135.41612,34.65999],[135.41613,34.66001],[135.41612,34.66001],[135.41612,34.66003],[135.41613,34.66003],[135.41614,34.66005],[135.41612,34.66005],[135.41613,34.66007],[135.41614,34.66006],[135.41615,34.66008],[135.41613,34.66009],[135.41613,34.6601],[135.41615,34.6601],[135.41615,34.66012],[135.41614,34.66012],[135.41614,34.66014],[135.41616,34.66014],[135.41616,34.66015],[135.41617,34.66015],[135.41634,34.66093],[135.41634,34.66094],[135.41632,34.66094],[135.41633,34.66096],[135.41634,34.66096],[135.41634,34.66097],[135.41633,34.66097],[135.41634,34.66099],[135.41635,34.66099],[135.41635,34.661],[135.41634,34.661],[135.41634,34.66102],[135.41635,34.66101],[135.41636,34.66103],[135.41634,34.66103],[135.41635,34.66104],[135.41636,34.66104],[135.41637,34.66105],[135.41635,34.66106],[135.41635,34.66107],[135.41637,34.66107],[135.41637,34.66108],[135.41636,34.66109],[135.41636,34.6611],[135.41638,34.6611],[135.41638,34.66111],[135.41636,34.66111],[135.41637,34.66113],[135.41638,34.66113],[135.41638,34.66114],[135.41637,34.66114],[135.41637,34.66116],[135.41639,34.66115],[135.41639,34.66117],[135.41638,34.66117],[135.41638,34.66119],[135.41639,34.66118],[135.4164,34.66119],[135.41639,34.6612],[135.41639,34.66121],[135.4164,34.66121],[135.4164,34.66122],[135.41639,34.66123],[135.41639,34.66124],[135.41641,34.66124],[135.41641,34.66125],[135.4164,34.66126],[135.4164,34.66127],[135.41641,34.66127],[135.41642,34.66128],[135.4164,34.66129],[135.41641,34.6613],[135.41642,34.6613],[135.41642,34.66131],[135.41641,34.66131],[135.41641,34.66133],[135.41643,34.66133],[135.41641,34.66134],[135.41642,34.66136],[135.41643,34.66136],[135.41644,34.66137],[135.41643,34.66138],[135.41643,34.6614],[135.41645,34.66139],[135.41646,34.6614],[135.41645,34.66141],[135.41646,34.66143],[135.41647,34.66142],[135.41648,34.66143],[135.41647,34.66144],[135.41649,34.66146],[135.4165,34.66145],[135.41652,34.66146],[135.41651,34.66147],[135.41653,34.66148],[135.41654,34.66147],[135.41656,34.66148],[135.41655,34.66149],[135.41657,34.6615],[135.41658,34.66149],[135.41659,34.66149],[135.41658,34.66151],[135.41661,34.66152],[135.41662,34.66153],[135.41661,34.66154],[135.41663,34.66154],[135.41664,34.66153],[135.41666,34.66154],[135.41665,34.66155],[135.41667,34.66155],[135.41668,34.66154],[135.4167,34.66155],[135.41669,34.66156],[135.41671,34.66157],[135.41672,34.66155],[135.41674,34.66156],[135.41673,34.66157],[135.41676,34.66158],[135.41676,34.66157],[135.41678,34.66157],[135.41677,34.66158],[135.4168,34.66159],[135.4168,34.66158],[135.41682,34.66158],[135.41681,34.66159],[135.41684,34.6616],[135.41684,34.66159],[135.41686,34.66159],[135.41686,34.66161],[135.41688,34.66161],[135.41688,34.6616],[135.4169,34.6616],[135.4169,34.66162],[135.41692,34.66162],[135.41692,34.66161],[135.41694,34.66162],[135.41694,34.66163],[135.41696,34.66163],[135.41696,34.66162],[135.41699,34.66163],[135.41698,34.66164],[135.41699,34.66164],[135.41699,34.66166],[135.41702,34.66167],[135.41703,34.66165],[135.41704,34.66166],[135.41705,34.66164],[135.41706,34.66165],[135.41706,34.66166],[135.41708,34.66167],[135.41709,34.66166],[135.41711,34.66166],[135.4171,34.66167],[135.41712,34.66168],[135.41711,34.66169],[135.41718,34.66171],[135.41719,34.6617],[135.4172,34.6617],[135.41721,34.66169],[135.41723,34.66169],[135.41722,34.66171],[135.41725,34.66171],[135.41725,34.6617],[135.41727,34.66171],[135.41727,34.66172],[135.41728,34.66172],[135.41727,34.66174],[135.4173,34.66174],[135.41731,34.66173],[135.41733,34.66174],[135.41733,34.66172],[135.41735,34.66173],[135.41735,34.66174],[135.41737,34.66175],[135.41737,34.66174],[135.41739,34.66174],[135.41739,34.66175],[135.41741,34.66176],[135.41741,34.66175],[135.41743,34.66176],[135.41745,34.66177],[135.41745,34.66176],[135.41747,34.66176],[135.41746,34.66177],[135.41749,34.66178],[135.41749,34.66177],[135.41751,34.66178],[135.41753,34.66179],[135.41754,34.66178],[135.41755,34.66178],[135.41755,34.6618],[135.41757,34.6618],[135.41758,34.66179],[135.41759,34.6618],[135.41759,34.66181],[135.41761,34.66182],[135.41762,34.6618],[135.41764,34.66181],[135.41763,34.66182],[135.41765,34.66183],[135.41766,34.66181],[135.41768,34.66182],[135.41767,34.66183],[135.4177,34.66184],[135.4177,34.66182],[135.41772,34.66183],[135.41771,34.66184],[135.41774,34.66185],[135.41774,34.66184],[135.41776,34.66184],[135.41775,34.66186],[135.41777,34.66186],[135.41779,34.66183],[135.4178,34.66184],[135.41781,34.66181],[135.41779,34.66181],[135.41782,34.66172],[135.41784,34.66168],[135.41837,34.66183],[135.41859,34.66189],[135.41861,34.66188],[135.41865,34.66189],[135.41866,34.66191],[135.41889,34.66197],[135.41948,34.66214],[135.41982,34.66224],[135.41984,34.66223],[135.41989,34.66224],[135.4199,34.66226],[135.42044,34.66242],[135.42046,34.66241],[135.4205,34.66242],[135.42051,34.66245],[135.42147,34.66272],[135.42149,34.66271],[135.42153,34.66273],[135.42154,34.66275],[135.42269,34.66308],[135.42267,34.66312],[135.42266,34.66315],[135.42263,34.66321],[135.42387,34.66357],[135.42402,34.66383],[135.42434,34.66439],[135.42449,34.66465],[135.425,34.66555],[135.42563,34.66667],[135.42569,34.66676],[135.42567,34.66676],[135.42627,34.66782],[135.42611,34.6681],[135.42613,34.66811],[135.42612,34.66813],[135.42604,34.66819],[135.42588,34.66814],[135.42505,34.66667],[135.425,34.66658],[135.42454,34.66575],[135.42425,34.66567],[135.42424,34.66567],[135.42382,34.66555],[135.42379,34.66554],[135.42343,34.66543],[135.42288,34.66533],[135.42286,34.66534],[135.42275,34.66531],[135.42276,34.66529],[135.42264,34.66526],[135.42274,34.665],[135.4214,34.66462],[135.42131,34.66485],[135.42122,34.66481],[135.42121,34.66483],[135.42105,34.66479],[135.42106,34.66477],[135.42096,34.66475],[135.42096,34.66476],[135.42081,34.66472],[135.42082,34.6647],[135.4208,34.6647],[135.4208,34.66465],[135.42078,34.66465],[135.42073,34.66468],[135.42071,34.66467],[135.42071,34.66469],[135.42056,34.66465],[135.42056,34.66463],[135.42055,34.66463],[135.42055,34.66458],[135.42053,34.66457],[135.42048,34.66461],[135.42047,34.6646],[135.42046,34.66462],[135.42031,34.66458],[135.42032,34.66456],[135.4203,34.66456],[135.4203,34.66451],[135.42028,34.6645],[135.42024,34.66454],[135.42022,34.66454],[135.42022,34.66455],[135.42006,34.6645],[135.42006,34.66449],[135.42005,34.66449],[135.42005,34.66444],[135.42003,34.66443],[135.41999,34.66447],[135.41997,34.66446],[135.41996,34.66448],[135.41982,34.66443],[135.41982,34.66442],[135.41981,34.66442],[135.41981,34.66436],[135.41979,34.66436],[135.41974,34.6644],[135.41972,34.66439],[135.41972,34.66441],[135.41957,34.66437],[135.41957,34.66435],[135.41956,34.66435],[135.41956,34.6643],[135.41952,34.66429],[135.41949,34.66433],[135.41948,34.66432],[135.41947,34.66434],[135.41932,34.66429],[135.41932,34.66428],[135.41931,34.66428],[135.41931,34.66423],[135.41929,34.66422],[135.41925,34.66426],[135.41923,34.66425],[135.41922,34.66428],[135.41887,34.66418],[135.41791,34.66391],[135.41789,34.6639],[135.41771,34.66385],[135.41759,34.66381],[135.41739,34.66376],[135.41738,34.66375],[135.41737,34.66374],[135.41728,34.66371],[135.41693,34.66388],[135.41705,34.66627],[135.41705,34.66651],[135.41706,34.66667],[135.41711,34.66767],[135.41708,34.66767],[135.41708,34.66771],[135.41711,34.66771],[135.41713,34.66807],[135.41716,34.66858],[135.41713,34.66858],[135.41713,34.66861],[135.41716,34.66861],[135.41717,34.66881],[135.4179,34.66978],[135.41792,34.66981],[135.41818,34.67016],[135.41852,34.67061],[135.41849,34.67063],[135.41759,34.67191],[135.41667,34.67321],[135.41408,34.67249],[135.41406,34.67254],[135.41384,34.67248],[135.41251,34.67211],[135.41244,34.67209],[135.41244,34.6721],[135.4125,34.67212],[135.41244,34.67228],[135.41235,34.67225],[135.41229,34.67224],[135.41213,34.67218],[135.41213,34.67219],[135.412,34.67216],[135.41202,34.67209],[135.41179,34.67202],[135.41177,34.67209],[135.4116,34.67204],[135.41152,34.67203],[135.41142,34.67199],[135.41135,34.67197],[135.41131,34.67196],[135.41125,34.67194],[135.41121,34.67192],[135.41116,34.67191],[135.41112,34.6719],[135.4111,34.67188],[135.41109,34.67187],[135.4108,34.6718],[135.41076,34.67178],[135.41075,34.67178],[135.41042,34.67169],[135.4104,34.67164],[135.41037,34.67164],[135.41036,34.67162],[135.41031,34.67163],[135.41023,34.67143],[135.41009,34.67104],[135.40997,34.67073],[135.4099,34.67075],[135.4092,34.6712],[135.40917,34.67122],[135.40905,34.6713],[135.40902,34.67132],[135.40833,34.67177],[135.40825,34.67182],[135.4079,34.67205],[135.40773,34.67216],[135.40774,34.67217],[135.4079,34.67206],[135.40825,34.67184],[135.40833,34.67204],[135.40847,34.67239],[135.40869,34.67233],[135.40871,34.67236],[135.40879,34.67234],[135.40879,34.67236],[135.4088,34.67238],[135.40881,34.6724],[135.40873,34.67242],[135.40898,34.6731],[135.40891,34.67312],[135.40875,34.67316],[135.40877,34.67319],[135.40877,34.67321],[135.40888,34.67347],[135.40897,34.67372],[135.40898,34.67374],[135.40933,34.67466],[135.40928,34.67476],[135.40927,34.67477],[135.40915,34.675],[135.40911,34.67508],[135.4091,34.67509],[135.40891,34.67543],[135.40891,34.67544],[135.4089,34.67546],[135.40833,34.67525],[135.40788,34.67508],[135.40766,34.675],[135.40722,34.67484],[135.40683,34.67382],[135.4068,34.67381],[135.40677,34.67382],[135.40677,34.67384],[135.40715,34.67483],[135.40717,34.67488],[135.40751,34.675],[135.40788,34.67514],[135.40833,34.6753],[135.40887,34.6755],[135.40888,34.67549],[135.40933,34.67565],[135.41061,34.67611],[135.41072,34.67616],[135.41197,34.67662],[135.41205,34.67665],[135.41217,34.67669],[135.41225,34.67672],[135.41226,34.67676],[135.41667,34.678],[135.41678,34.67803],[135.41711,34.67813],[135.421,34.67923],[135.42103,34.67925],[135.42102,34.67927],[135.42193,34.67954],[135.42226,34.67963],[135.42028,34.68282],[135.42207,34.68333],[135.42241,34.68343],[135.42321,34.68366],[135.425,34.6842],[135.42788,34.68508],[135.4311,34.68619],[135.43271,34.68676],[135.4328,34.6868],[135.43333,34.68698],[135.43519,34.68764],[135.43522,34.68765],[135.43925,34.68917],[135.43935,34.68921],[135.44167,34.69018],[135.44272,34.69062],[135.44355,34.69097],[135.44521,34.69167],[135.44615,34.69206],[135.44721,34.69253],[135.4482,34.69296],[135.44844,34.69305],[135.44865,34.69313],[135.45,34.69376],[135.45107,34.69425],[135.45192,34.69465],[135.45247,34.6949],[135.45275,34.69502],[135.45369,34.69545],[135.45451,34.69586],[135.45528,34.69624],[135.45672,34.69697],[135.45833,34.69779],[135.46092,34.69911],[135.46143,34.69938],[135.46171,34.69955],[135.46188,34.69965],[135.46286,34.69849],[135.46355,34.69769],[135.46392,34.69725],[135.46432,34.69676],[135.46433,34.69675],[135.46392,34.69652],[135.46377,34.69641],[135.46357,34.69633],[135.4632,34.69602],[135.4632,34.69601],[135.46308,34.69581],[135.46304,34.69565],[135.46303,34.69559],[135.46298,34.69536],[135.46299,34.69515],[135.46303,34.69498],[135.46312,34.6946],[135.46313,34.69433],[135.46314,34.6942],[135.46321,34.69398],[135.46326,34.69384],[135.46344,34.69341],[135.46366,34.69292],[135.46386,34.6925],[135.46392,34.69234],[135.46392,34.69212],[135.46387,34.69167],[135.46386,34.6915],[135.46378,34.6913],[135.46374,34.69095],[135.46368,34.69081],[135.46327,34.6902],[135.46297,34.68971],[135.46265,34.68921],[135.46257,34.68908],[135.46255,34.68897],[135.46253,34.68887],[135.46252,34.6882],[135.46253,34.68808],[135.46253,34.68794],[135.46247,34.6874],[135.46245,34.68723],[135.46284,34.68715],[135.46315,34.68708],[135.46387,34.68693],[135.46426,34.68685],[135.46438,34.68683],[135.4644,34.68682],[135.46483,34.68674],[135.4653,34.68666],[135.46622,34.68654],[135.46656,34.68647],[135.46658,34.68646],[135.46667,34.68643],[135.46689,34.68635],[135.46746,34.6861],[135.46777,34.68596],[135.46805,34.68577],[135.46815,34.68564],[135.46829,34.68545],[135.46833,34.68541],[135.46844,34.68533],[135.46881,34.68502],[135.46886,34.68497],[135.46889,34.68494],[135.469,34.68483],[135.46909,34.68468],[135.46937,34.68424],[135.4695,34.68403],[135.46997,34.68333],[135.47003,34.68325],[135.47036,34.68276],[135.4704,34.68269],[135.47043,34.68264],[135.47076,34.68215],[135.47084,34.68203],[135.47099,34.68186],[135.47154,34.68134],[135.47154,34.68133],[135.47185,34.68096],[135.47188,34.68091],[135.47206,34.68061],[135.47177,34.6806],[135.47143,34.68055],[135.47086,34.68038],[135.46708,34.67918],[135.46667,34.67904],[135.4632,34.67791],[135.46187,34.67746],[135.46182,34.67745],[135.45992,34.67681],[135.45833,34.67628],[135.45777,34.67609],[135.45729,34.67593],[135.45614,34.67555],[135.45489,34.67514],[135.45477,34.6751],[135.45449,34.675],[135.45194,34.67415],[135.45081,34.67375],[135.45039,34.67359],[135.45005,34.6734],[135.45,34.67337],[135.44997,34.67336],[135.4494,34.67299],[135.44888,34.67259],[135.44811,34.67193],[135.44748,34.67137],[135.44709,34.67097],[135.44643,34.67023],[135.44621,34.66992],[135.44501,34.6684],[135.44414,34.66733],[135.4436,34.66667],[135.4435,34.66654],[135.44222,34.66493],[135.44197,34.66461],[135.44167,34.6643],[135.44136,34.66399],[135.44077,34.66338],[135.44069,34.6633],[135.44055,34.66317],[135.44027,34.663],[135.44008,34.66288],[135.43973,34.66266],[135.4397,34.66265],[135.43869,34.66199],[135.43825,34.6617],[135.43802,34.66158],[135.4373,34.66111],[135.43638,34.66051],[135.43542,34.6599],[135.43528,34.65981],[135.43473,34.65973],[135.43401,34.6596],[135.43366,34.65953],[135.43333,34.65946],[135.43309,34.65941],[135.43301,34.65939],[135.43269,34.65931],[135.43256,34.65927],[135.43234,34.65921],[135.43219,34.65917],[135.43197,34.65907],[135.43137,34.65874],[135.43119,34.65864],[135.431,34.65854],[135.43064,34.65833]],[[135.375,34.65468],[135.37598,34.65589],[135.37795,34.65833],[135.37849,34.65901],[135.37913,34.6598],[135.37938,34.66012],[135.37944,34.66011],[135.37963,34.66092],[135.38073,34.66074],[135.38333,34.66033],[135.38607,34.65991],[135.38607,34.65988],[135.38605,34.65989],[135.38604,34.65989],[135.38333,34.66032],[135.38073,34.66072],[135.37965,34.66089],[135.37947,34.66011],[135.37987,34.66005],[135.37988,34.66005],[135.38058,34.65994],[135.38058,34.65993],[135.38059,34.65992],[135.38059,34.65994],[135.38106,34.65986],[135.38106,34.65985],[135.38107,34.65985],[135.38107,34.65986],[135.38136,34.65982],[135.38155,34.65979],[135.38154,34.65977],[135.38155,34.65977],[135.38156,34.65978],[135.38203,34.65971],[135.38203,34.6597],[135.38204,34.6597],[135.38204,34.65971],[135.38207,34.6597],[135.38252,34.65963],[135.38251,34.65962],[135.38252,34.65962],[135.38253,34.65963],[135.383,34.65956],[135.383,34.65955],[135.38301,34.65954],[135.38301,34.65956],[135.38333,34.65951],[135.38348,34.65948],[135.38348,34.65947],[135.38349,34.65947],[135.38349,34.65948],[135.38351,34.65948],[135.38397,34.65941],[135.38396,34.65939],[135.38397,34.65939],[135.38398,34.6594],[135.38445,34.65933],[135.38444,34.65932],[135.38445,34.65932],[135.38446,34.65933],[135.38504,34.65924],[135.38504,34.65923],[135.38505,34.65922],[135.38505,34.65924],[135.38618,34.65906],[135.38678,34.65897],[135.38819,34.65875],[135.38896,34.65863],[135.38903,34.65861],[135.38951,34.65854],[135.39083,34.65833],[135.39111,34.65829],[135.39167,34.6582],[135.39356,34.65791],[135.39489,34.6577],[135.39489,34.65769],[135.3949,34.65769],[135.3949,34.6577],[135.39533,34.65763],[135.39537,34.65763],[135.39537,34.65761],[135.39539,34.65761],[135.3954,34.65762],[135.3961,34.65751],[135.3961,34.6575],[135.39611,34.6575],[135.39611,34.65751],[135.39779,34.65725],[135.39779,34.65724],[135.3978,34.65723],[135.3978,34.65725],[135.39828,34.65717],[135.39864,34.65712],[135.39961,34.65697],[135.39972,34.65695],[135.4,34.65676],[135.40022,34.65661],[135.40072,34.65628],[135.40105,34.65606],[135.40155,34.65571],[135.40255,34.65505],[135.40299,34.65475],[135.40392,34.65412],[135.40417,34.65395],[135.40452,34.65372],[135.40432,34.65351],[135.40251,34.65168],[135.40085,34.65],[135.40037,34.64951],[135.4,34.64914],[135.39969,34.64883],[135.39966,34.64885],[135.39702,34.64613],[135.39582,34.64692],[135.39578,34.64688],[135.39568,34.64676],[135.39553,34.64661],[135.39536,34.64646],[135.3952,34.64629],[135.39512,34.64621],[135.39501,34.6461],[135.39489,34.64596],[135.39471,34.6458],[135.39453,34.64561],[135.39438,34.64547],[135.39428,34.64537],[135.39421,34.6453],[135.39413,34.64523],[135.39407,34.64517],[135.39402,34.64513],[135.39401,34.64513],[135.39401,34.64512],[135.39401,34.64511],[135.39402,34.6451],[135.3941,34.64506],[135.39411,34.64505],[135.39412,34.64504],[135.39413,34.64503],[135.39415,34.64502],[135.39416,34.64501],[135.39419,34.645],[135.3942,34.645],[135.39422,34.64499],[135.39423,34.64498],[135.39425,34.64497],[135.3943,34.64494],[135.39433,34.64493],[135.3944,34.6449],[135.39443,34.64489],[135.39451,34.64485],[135.39458,34.64481],[135.39461,34.6448],[135.39463,34.64478],[135.3947,34.64474],[135.39475,34.64471],[135.39478,34.64469],[135.39482,34.64466],[135.39605,34.64591],[135.39608,34.64612],[135.39637,34.64641],[135.3966,34.64626],[135.39631,34.64597],[135.39617,34.64583],[135.39501,34.64465],[135.39535,34.64443],[135.39526,34.64434],[135.39489,34.64396],[135.39458,34.64366],[135.39434,34.64341],[135.39435,34.6434],[135.39432,34.64338],[135.39431,34.64338],[135.3941,34.64317],[135.39385,34.64291],[135.3935,34.64256],[135.3928,34.64184],[135.39278,34.64167],[135.39275,34.64139],[135.39267,34.6414],[135.3927,34.64167],[135.39272,34.64189],[135.39268,34.64193],[135.39265,34.6419],[135.39247,34.64202],[135.39206,34.64229],[135.39202,34.64231],[135.39167,34.64234],[135.38971,34.64247],[135.38915,34.6425],[135.3863,34.6427],[135.38529,34.64277],[135.38333,34.6429],[135.38237,34.64296],[135.38236,34.64296],[135.38202,34.64299],[135.37894,34.64319],[135.37773,34.64498],[135.37686,34.64627],[135.37637,34.647],[135.37583,34.64779],[135.37583,34.64778],[135.375,34.64901],[135.37474,34.64939],[135.37432,34.65],[135.3729,34.65208],[135.375,34.65468]],[[135.40895,34.66667],[135.40893,34.66659],[135.40881,34.66591],[135.41076,34.66567],[135.41076,34.66566],[135.4108,34.66566],[135.41082,34.66565],[135.41082,34.66566],[135.41095,34.66564],[135.4108,34.66482],[135.4105,34.66309],[135.40994,34.65996],[135.40978,34.65904],[135.40833,34.65927],[135.408,34.65932],[135.40414,34.65993],[135.40206,34.66026],[135.40206,34.66027],[135.402,34.66028],[135.402,34.66027],[135.40194,34.66028],[135.402,34.66054],[135.40101,34.6607],[135.40069,34.66075],[135.40065,34.66076],[135.4,34.66086],[135.39903,34.66101],[135.39779,34.66121],[135.39779,34.6612],[135.39768,34.66122],[135.39768,34.66123],[135.39766,34.66124],[135.39765,34.66121],[135.39762,34.66121],[135.39762,34.66123],[135.39751,34.66124],[135.39751,34.66123],[135.39747,34.66124],[135.39748,34.66125],[135.39655,34.66139],[135.39655,34.66138],[135.39655,34.66136],[135.39654,34.66135],[135.39653,34.66133],[135.39652,34.66132],[135.3965,34.6613],[135.39648,34.66129],[135.39646,34.66128],[135.39643,34.66128],[135.39641,34.66128],[135.39638,34.66128],[135.39636,34.66129],[135.39634,34.6613],[135.39632,34.66132],[135.3963,34.66134],[135.39629,34.66135],[135.39294,34.66188],[135.39292,34.66187],[135.39288,34.66185],[135.39285,34.66183],[135.39281,34.66182],[135.39276,34.6618],[135.39271,34.66179],[135.39267,34.66179],[135.39263,34.66179],[135.39259,34.66179],[135.39254,34.66179],[135.3925,34.6618],[135.39245,34.66181],[135.39241,34.66183],[135.39235,34.66185],[135.39232,34.66187],[135.39228,34.6619],[135.39224,34.66193],[135.39221,34.66197],[135.39219,34.66199],[135.39167,34.66208],[135.3905,34.66226],[135.39049,34.66225],[135.39048,34.66224],[135.39047,34.66223],[135.39045,34.66223],[135.39043,34.66222],[135.39041,34.66222],[135.3904,34.66222],[135.39039,34.66222],[135.39036,34.66222],[135.39034,34.66223],[135.39032,34.66224],[135.39031,34.66225],[135.39029,34.66227],[135.39028,34.66228],[135.39027,34.6623],[135.39027,34.66232],[135.39027,34.66234],[135.39027,34.66235],[135.39028,34.66237],[135.389,34.66257],[135.38819,34.6627],[135.38819,34.66271],[135.38794,34.66275],[135.38788,34.66252],[135.38685,34.66268],[135.38692,34.66297],[135.38717,34.66406],[135.38728,34.66455],[135.38776,34.66667],[135.38787,34.66713],[135.38801,34.66782],[135.38825,34.66886],[135.38828,34.66886],[135.38805,34.66784],[135.38834,34.66795],[135.38896,34.66817],[135.38924,34.66828],[135.39105,34.66894],[135.3911,34.66896],[135.39114,34.66898],[135.39104,34.66896],[135.39103,34.66896],[135.39101,34.66896],[135.39101,34.66897],[135.391,34.66898],[135.391,34.66899],[135.39099,34.66903],[135.391,34.66905],[135.391,34.66907],[135.39101,34.66908],[135.39105,34.6691],[135.39146,34.66927],[135.39167,34.66935],[135.39222,34.66955],[135.39228,34.66956],[135.39236,34.66956],[135.39242,34.66957],[135.39247,34.66959],[135.39252,34.66961],[135.39256,34.66963],[135.3926,34.66964],[135.39264,34.66966],[135.39269,34.66967],[135.39273,34.66967],[135.39277,34.66967],[135.39282,34.66967],[135.39289,34.66968],[135.39301,34.66972],[135.39328,34.66983],[135.39335,34.66986],[135.39339,34.66988],[135.39342,34.6699],[135.39343,34.66993],[135.39344,34.66995],[135.39346,34.66997],[135.39351,34.66998],[135.39363,34.67],[135.39373,34.67003],[135.39384,34.67008],[135.39395,34.67012],[135.39405,34.67015],[135.39413,34.67018],[135.39422,34.67022],[135.3943,34.67025],[135.39438,34.67028],[135.39444,34.6703],[135.39451,34.67033],[135.39458,34.67036],[135.39464,34.6704],[135.39471,34.67041],[135.39478,34.67043],[135.39484,34.67045],[135.39491,34.67049],[135.395,34.67052],[135.39509,34.67055],[135.39517,34.67059],[135.39528,34.67062],[135.39537,34.67065],[135.39546,34.67067],[135.39555,34.6707],[135.39566,34.67074],[135.39574,34.67078],[135.39583,34.67082],[135.39592,34.67085],[135.39601,34.67087],[135.39609,34.6709],[135.39617,34.67092],[135.39635,34.67099],[135.39643,34.67103],[135.39651,34.67106],[135.3966,34.67109],[135.39669,34.67112],[135.39683,34.67118],[135.3969,34.67121],[135.39698,34.67124],[135.39704,34.67125],[135.39711,34.67127],[135.39734,34.67132],[135.3975,34.67136],[135.39753,34.67137],[135.39756,34.67138],[135.39757,34.67138],[135.39759,34.67138],[135.39771,34.67144],[135.39776,34.67146],[135.39859,34.67176],[135.4,34.67229],[135.40043,34.67245],[135.4005,34.67248],[135.40053,34.6725],[135.40056,34.67254],[135.40061,34.67258],[135.40067,34.67262],[135.40071,34.67264],[135.40076,34.67266],[135.40079,34.67267],[135.40082,34.67268],[135.40086,34.67267],[135.40088,34.67267],[135.4009,34.67266],[135.40092,34.67265],[135.40093,34.67263],[135.40094,34.67262],[135.40095,34.67262],[135.40098,34.67262],[135.40099,34.67262],[135.401,34.67259],[135.40109,34.67262],[135.40247,34.67313],[135.40262,34.67319],[135.40276,34.67309],[135.40276,34.67308],[135.40278,34.67307],[135.40279,34.67308],[135.40411,34.67222],[135.40519,34.67151],[135.40518,34.6715],[135.4052,34.67148],[135.40521,34.67149],[135.40662,34.67058],[135.40665,34.67056],[135.40677,34.67048],[135.4068,34.67047],[135.40742,34.67006],[135.40741,34.67005],[135.40744,34.67003],[135.40745,34.67004],[135.40792,34.66973],[135.40833,34.66947],[135.40873,34.66921],[135.40874,34.66922],[135.40882,34.66916],[135.40882,34.66915],[135.40922,34.66889],[135.40923,34.6689],[135.40931,34.66885],[135.4093,34.66884],[135.40932,34.66883],[135.40939,34.66879],[135.40935,34.66854],[135.40936,34.66854],[135.40936,34.66852],[135.40934,34.66852],[135.40933,34.66846],[135.40927,34.66847],[135.40916,34.66783],[135.4091,34.66754],[135.40897,34.66681],[135.40895,34.66667]],[[135.35,34.62105],[135.34906,34.62034],[135.34936,34.62007],[135.34568,34.61728],[135.3437,34.62086],[135.34365,34.62097],[135.34359,34.62112],[135.34357,34.62118],[135.34354,34.62128],[135.34353,34.62134],[135.34352,34.6214],[135.34351,34.62149],[135.34351,34.62162],[135.34352,34.62178],[135.34354,34.6219],[135.34357,34.62202],[135.34362,34.62218],[135.34369,34.62232],[135.34374,34.62241],[135.34377,34.62246],[135.34385,34.62257],[135.34391,34.62265],[135.34395,34.62269],[135.34398,34.62273],[135.34617,34.625],[135.35,34.62899],[135.35329,34.63241],[135.35833,34.62786],[135.35864,34.62759],[135.35833,34.62736],[135.35522,34.625],[135.35,34.62105]],[[135.40586,34.67346],[135.40586,34.67344],[135.40751,34.67237],[135.40748,34.67233],[135.40579,34.67342],[135.40578,34.67343],[135.40578,34.67346],[135.40578,34.67434],[135.4058,34.67435],[135.40585,34.67435],[135.40586,34.67434],[135.40586,34.67346]]]]}},{"type":"Feature","properties":{"code":"27106","name":"西区"},"geometry":{"type":"MultiPolygon","coordinates":[[[[135.46667,34.67284],[135.4642,34.67478],[135.46397,34.67496],[135.46391,34.675],[135.46362,34.67523],[135.4625,34.67611],[135.46248,34.67613],[135.46237,34.6763],[135.4623,34.67641],[135.46208,34.67694],[135.462,34.67715],[135.46189,34.67741],[135.46187,34.67746],[135.4632,34.67791],[135.46667,34.67904],[135.46708,34.67918],[135.47086,34.68038],[135.47143,34.68055],[135.47177,34.6806],[135.47206,34.68061],[135.47217,34.68061],[135.47243,34.68064],[135.47285,34.68077],[135.47317,34.68087],[135.475,34.68149],[135.47665,34.68204],[135.47866,34.68272],[135.47945,34.68302],[135.47977,34.6832],[135.47993,34.68333],[135.48031,34.68366],[135.48072,34.68408],[135.48109,34.6845],[135.48116,34.68458],[135.48119,34.68465],[135.48134,34.68464],[135.48193,34.68476],[135.4821,34.68481],[135.48236,34.68488],[135.48257,34.68494],[135.48263,34.68497],[135.48302,34.68514],[135.48318,34.68525],[135.48333,34.68537],[135.4836,34.68557],[135.48386,34.68576],[135.48387,34.68576],[135.48396,34.68583],[135.48457,34.68622],[135.48512,34.68656],[135.48592,34.68702],[135.48674,34.68746],[135.48733,34.68778],[135.48836,34.68833],[135.49006,34.68921],[135.49046,34.68943],[135.49157,34.69006],[135.49167,34.69013],[135.49262,34.69079],[135.49289,34.69102],[135.49326,34.69134],[135.49331,34.69137],[135.49365,34.69167],[135.49383,34.69183],[135.49431,34.69226],[135.49434,34.69229],[135.49447,34.69237],[135.49482,34.69247],[135.49487,34.69248],[135.49496,34.6925],[135.49523,34.69256],[135.49542,34.6926],[135.49577,34.69269],[135.49612,34.69273],[135.49613,34.69273],[135.49619,34.69274],[135.49695,34.69279],[135.49712,34.6928],[135.49719,34.69283],[135.49747,34.69287],[135.49745,34.69267],[135.49743,34.6925],[135.49741,34.69229],[135.4974,34.69205],[135.4974,34.69191],[135.49739,34.69167],[135.49737,34.69079],[135.49719,34.69063],[135.49732,34.68913],[135.49744,34.68783],[135.49744,34.68773],[135.49745,34.68764],[135.49746,34.68742],[135.49747,34.68731],[135.49749,34.68693],[135.49749,34.6869],[135.4975,34.68671],[135.49753,34.68615],[135.49756,34.68543],[135.49757,34.68533],[135.49757,34.68528],[135.49759,34.68508],[135.49765,34.68462],[135.49762,34.6839],[135.49762,34.6838],[135.4976,34.68334],[135.4976,34.68333],[135.49759,34.68304],[135.49758,34.68274],[135.49757,34.68208],[135.49757,34.68196],[135.49756,34.68194],[135.49756,34.6816],[135.49756,34.6815],[135.49755,34.6814],[135.49755,34.68126],[135.49755,34.68034],[135.49756,34.67995],[135.49756,34.67983],[135.49757,34.67962],[135.49754,34.67916],[135.49752,34.67885],[135.49747,34.67765],[135.49747,34.67762],[135.49746,34.67728],[135.49742,34.67681],[135.49741,34.67676],[135.49741,34.67671],[135.49735,34.67607],[135.49734,34.67599],[135.49734,34.67591],[135.49733,34.6758],[135.4973,34.67536],[135.49729,34.67527],[135.49727,34.675],[135.49719,34.67404],[135.49714,34.67364],[135.49713,34.67358],[135.49712,34.6735],[135.49701,34.67272],[135.49698,34.67245],[135.49697,34.67238],[135.49696,34.67231],[135.49691,34.6719],[135.49684,34.67105],[135.49684,34.67098],[135.49684,34.67095],[135.49678,34.67023],[135.49678,34.67017],[135.49676,34.66992],[135.49676,34.66989],[135.49676,34.66984],[135.49676,34.6698],[135.49674,34.66926],[135.49674,34.66919],[135.49673,34.66901],[135.49288,34.6694],[135.49233,34.66945],[135.49215,34.66946],[135.49167,34.66951],[135.49004,34.66965],[135.48851,34.66979],[135.48826,34.66982],[135.48743,34.66992],[135.48684,34.67],[135.48664,34.67001],[135.48656,34.67001],[135.48653,34.67001],[135.48648,34.67001],[135.4863,34.66999],[135.48617,34.66995],[135.48606,34.66992],[135.48474,34.66968],[135.48351,34.66945],[135.48333,34.66942],[135.48295,34.66936],[135.48256,34.66928],[135.48195,34.66917],[135.48174,34.66909],[135.48139,34.6689],[135.48108,34.66873],[135.48103,34.66865],[135.48093,34.66849],[135.48054,34.66814],[135.4804,34.66806],[135.48026,34.66797],[135.47997,34.66791],[135.47964,34.66782],[135.47934,34.66773],[135.4791,34.66767],[135.47882,34.66762],[135.47829,34.66752],[135.47816,34.66749],[135.47727,34.66729],[135.47686,34.66722],[135.47647,34.66716],[135.47609,34.66711],[135.47549,34.66697],[135.47537,34.66694],[135.475,34.66688],[135.47432,34.66677],[135.47418,34.6669],[135.47413,34.66694],[135.47378,34.66728],[135.47366,34.6674],[135.47363,34.66743],[135.47357,34.66748],[135.4735,34.66754],[135.4732,34.66778],[135.47319,34.66779],[135.47278,34.66812],[135.47247,34.66837],[135.47217,34.66864],[135.47196,34.6688],[135.46917,34.67092],[135.46861,34.67135],[135.46823,34.67164],[135.46822,34.67165],[135.4679,34.67189],[135.46693,34.67263],[135.46667,34.67284]]]]}},{"type":"Feature","properties":{"code":"27107","name":"港区"},"geometry":{"type":"MultiPolygon","coordinates":[[[[135.42958,34.65],[135.43006,34.64979],[135.43006,34.64978],[135.43009,34.64977],[135.4301,34.64978],[135.43126,34.64926],[135.43133,34.64924],[135.43133,34.64923],[135.43134,34.64922],[135.43133,34.64921],[135.43132,34.6492],[135.43131,34.6492],[135.4313,34.64921],[135.43124,34.64923],[135.42948,34.65],[135.42915,34.65014],[135.42915,34.65015],[135.42917,34.65018],[135.42958,34.65]],[[135.45311,34.64688],[135.45303,34.64685],[135.45282,34.64677],[135.45231,34.64661],[135.45195,34.64647],[135.45134,34.64626],[135.4511,34.64617],[135.45047,34.64594],[135.45043,34.64592],[135.45042,34.64593],[135.45,34.64656],[135.44992,34.64668],[135.44976,34.64662],[135.44835,34.6461],[135.44834,34.6461],[135.44832,34.6461],[135.44831,34.64611],[135.44824,34.64623],[135.44761,34.64599],[135.44771,34.64579],[135.44565,34.64502],[135.44412,34.64446],[135.44409,34.64453],[135.44384,34.64463],[135.44382,34.64459],[135.44343,34.64475],[135.44341,34.64476],[135.4434,34.64477],[135.44229,34.64525],[135.44231,34.6453],[135.44214,34.64537],[135.44212,34.64542],[135.44213,34.64543],[135.44529,34.6466],[135.44568,34.64675],[135.44588,34.64666],[135.44589,34.64668],[135.44596,34.64665],[135.44607,34.6466],[135.44654,34.6464],[135.44667,34.64644],[135.44678,34.64661],[135.44685,34.64672],[135.44683,34.64678],[135.44504,34.64755],[135.4447,34.64773],[135.44449,34.64785],[135.44411,34.64802],[135.44354,34.64781],[135.44362,34.64765],[135.44363,34.64762],[135.44363,34.64761],[135.44362,34.64759],[135.44167,34.64686],[135.44092,34.64658],[135.43988,34.64619],[135.43956,34.64633],[135.43951,34.64635],[135.43933,34.64643],[135.43914,34.64651],[135.43899,34.64657],[135.43868,34.6467],[135.43866,34.64667],[135.43541,34.64805],[135.43553,34.64823],[135.4355,34.64828],[135.43889,34.64955],[135.43909,34.64946],[135.4391,34.64947],[135.44027,34.64898],[135.44033,34.64899],[135.44062,34.64945],[135.4406,34.64949],[135.44007,34.6497],[135.43939,34.65],[135.43887,34.65022],[135.43883,34.65034],[135.4385,34.65049],[135.4382,34.65063],[135.43818,34.65063],[135.43816,34.65063],[135.43759,34.65087],[135.43533,34.65003],[135.43526,34.65],[135.4344,34.64968],[135.43333,34.64928],[135.43323,34.64924],[135.43302,34.64933],[135.43304,34.64935],[135.43288,34.64942],[135.43286,34.64941],[135.43273,34.64944],[135.43266,34.64945],[135.43217,34.64967],[135.43141,34.65],[135.42987,34.65067],[135.4296,34.65079],[135.42958,34.65077],[135.42947,34.65081],[135.42947,34.65082],[135.42947,34.65083],[135.42938,34.65107],[135.42938,34.65108],[135.42928,34.65136],[135.42927,34.65138],[135.42922,34.65153],[135.42915,34.65151],[135.42913,34.65153],[135.42911,34.65152],[135.42912,34.6515],[135.42899,34.65146],[135.42898,34.65147],[135.42896,34.65146],[135.42897,34.65145],[135.42885,34.65141],[135.42884,34.65142],[135.42882,34.65141],[135.42882,34.6514],[135.4287,34.65135],[135.42869,34.65137],[135.42866,34.65136],[135.42867,34.65134],[135.42854,34.6513],[135.42853,34.65132],[135.42851,34.65131],[135.42852,34.65129],[135.42836,34.65123],[135.42835,34.65125],[135.42833,34.65124],[135.42834,34.65122],[135.42824,34.65119],[135.42823,34.65121],[135.4282,34.65119],[135.42821,34.65118],[135.42813,34.65115],[135.42819,34.65102],[135.42826,34.65088],[135.4282,34.65086],[135.42815,34.65096],[135.42795,34.65089],[135.42795,34.65088],[135.42796,34.65088],[135.42797,34.65088],[135.4281,34.65088],[135.42816,34.65088],[135.42817,34.65088],[135.42818,34.65086],[135.42815,34.65085],[135.42843,34.65086],[135.42884,34.65014],[135.42877,34.65012],[135.42838,34.6508],[135.4279,34.65077],[135.427,34.6502],[135.42696,34.65002],[135.42709,34.65],[135.42794,34.64985],[135.42791,34.64976],[135.42706,34.64991],[135.42664,34.64999],[135.42656,34.65],[135.42651,34.65001],[135.42633,34.65006],[135.42624,34.65],[135.42612,34.64992],[135.42604,34.65],[135.42585,34.6502],[135.42578,34.65028],[135.42574,34.65035],[135.42558,34.65064],[135.42554,34.65072],[135.42547,34.65085],[135.4254,34.65099],[135.4254,34.65101],[135.42541,34.65103],[135.42543,34.65104],[135.42562,34.65112],[135.4256,34.65116],[135.4256,34.65117],[135.42557,34.65123],[135.42556,34.65125],[135.42554,34.65128],[135.42554,34.65129],[135.42739,34.65195],[135.42745,34.65185],[135.42747,34.65184],[135.42796,34.65201],[135.42795,34.65203],[135.42822,34.65212],[135.42876,34.65232],[135.42859,34.6528],[135.42869,34.65289],[135.42872,34.65289],[135.42835,34.65391],[135.42801,34.65489],[135.42627,34.65572],[135.42754,34.65648],[135.42849,34.65707],[135.42924,34.65755],[135.42967,34.65779],[135.4302,34.65809],[135.43034,34.65817],[135.43064,34.65833],[135.431,34.65854],[135.43119,34.65864],[135.43137,34.65874],[135.43197,34.65907],[135.43219,34.65917],[135.43234,34.65921],[135.43256,34.65927],[135.43269,34.65931],[135.43301,34.65939],[135.43309,34.65941],[135.43333,34.65946],[135.43366,34.65953],[135.43401,34.6596],[135.43473,34.65973],[135.43528,34.65981],[135.43542,34.6599],[135.43638,34.66051],[135.4373,34.66111],[135.43802,34.66158],[135.43825,34.6617],[135.43869,34.66199],[135.4397,34.66265],[135.43973,34.66266],[135.44008,34.66288],[135.44027,34.663],[135.44055,34.66317],[135.44069,34.6633],[135.44077,34.66338],[135.44136,34.66399],[135.44167,34.6643],[135.44197,34.66461],[135.44222,34.66493],[135.4435,34.66654],[135.4436,34.66667],[135.44414,34.66733],[135.44501,34.6684],[135.44621,34.66992],[135.44643,34.67023],[135.44709,34.67097],[135.44748,34.67137],[135.44811,34.67193],[135.44888,34.67259],[135.4494,34.67299],[135.44997,34.67336],[135.45,34.67337],[135.45005,34.6734],[135.45039,34.67359],[135.45081,34.67375],[135.45194,34.67415],[135.45449,34.675],[135.45477,34.6751],[135.45489,34.67514],[135.45614,34.67555],[135.45729,34.67593],[135.45777,34.67609],[135.45833,34.67628],[135.45992,34.67681],[135.46182,34.67745],[135.46187,34.67746],[135.46189,34.67741],[135.462,34.67715],[135.46208,34.67694],[135.4623,34.67641],[135.46237,34.6763],[135.46248,34.67613],[135.4625,34.67611],[135.46362,34.67523],[135.46391,34.675],[135.46397,34.67496],[135.4642,34.67478],[135.46667,34.67284],[135.46693,34.67263],[135.4679,34.67189],[135.46822,34.67165],[135.46823,34.67164],[135.46861,34.67135],[135.46917,34.67092],[135.47196,34.6688],[135.47217,34.66864],[135.47247,34.66837],[135.47278,34.66812],[135.47319,34.66779],[135.4732,34.66778],[135.4735,34.66754],[135.47357,34.66748],[135.47363,34.66743],[135.47366,34.6674],[135.47378,34.66728],[135.47413,34.66694],[135.47418,34.6669],[135.47373,34.66677],[135.4734,34.66667],[135.47323,34.66661],[135.47292,34.66649],[135.47236,34.66624],[135.4722,34.66614],[135.47217,34.66612],[135.47174,34.66589],[135.47164,34.66581],[135.47157,34.66577],[135.47144,34.66568],[135.47073,34.66516],[135.47021,34.66476],[135.47008,34.66465],[135.46961,34.66427],[135.46894,34.66369],[135.46864,34.66344],[135.46832,34.66317],[135.46827,34.66313],[135.4682,34.66308],[135.46813,34.66302],[135.46779,34.66273],[135.46734,34.66232],[135.46728,34.66227],[135.46708,34.66209],[135.46704,34.66205],[135.46691,34.66191],[135.4669,34.6619],[135.46689,34.66189],[135.46679,34.66181],[135.46667,34.6617],[135.46665,34.66168],[135.46641,34.66144],[135.46641,34.66143],[135.46609,34.66111],[135.46599,34.661],[135.4659,34.6609],[135.46566,34.66064],[135.46517,34.6601],[135.46502,34.6599],[135.46479,34.6596],[135.46411,34.65878],[135.46398,34.65856],[135.46388,34.65843],[135.4638,34.65833],[135.46309,34.65742],[135.46302,34.65729],[135.46301,34.65728],[135.46284,34.65706],[135.46244,34.65655],[135.46234,34.65643],[135.46225,34.65631],[135.46209,34.6561],[135.46169,34.65555],[135.46148,34.6553],[135.46138,34.65516],[135.46128,34.65503],[135.46128,34.65502],[135.46127,34.65501],[135.46056,34.654],[135.46022,34.65351],[135.46012,34.65337],[135.45962,34.65268],[135.45923,34.65218],[135.45915,34.65204],[135.45871,34.65142],[135.45857,34.65122],[135.45833,34.6509],[135.45809,34.65055],[135.4577,34.65],[135.45735,34.64949],[135.4571,34.64916],[135.45641,34.64819],[135.45637,34.64815],[135.45626,34.64803],[135.45609,34.64793],[135.45599,34.64788],[135.4556,34.64773],[135.45552,34.64771],[135.45541,34.64769],[135.45479,34.64744],[135.45457,34.64738],[135.45391,34.64713],[135.45372,34.64707],[135.45311,34.64688]]]]}},{"type":"Feature","properties":{"code":"27108","name":"大正区"},"geometry":{"type":"MultiPolygon","coordinates":[[[[135.45,34.62589],[135.44985,34.62595],[135.44966,34.62602],[135.44943,34.6261],[135.44876,34.62635],[135.44858,34.62643],[135.44849,34.62647],[135.44857,34.62847],[135.44815,34.63071],[135.44833,34.63099],[135.44837,34.63101],[135.45,34.63066],[135.45036,34.63059],[135.45173,34.62998],[135.45177,34.63003],[135.45183,34.63],[135.45357,34.62922],[135.45348,34.62975],[135.45341,34.63012],[135.45338,34.63031],[135.45327,34.63092],[135.45319,34.63135],[135.45311,34.63181],[135.45299,34.63248],[135.453,34.63249],[135.45301,34.63249],[135.453,34.63255],[135.45298,34.63266],[135.45302,34.63267],[135.45307,34.63274],[135.45305,34.63275],[135.45303,34.63274],[135.45288,34.6328],[135.45291,34.63283],[135.4528,34.63289],[135.45285,34.63311],[135.45287,34.63324],[135.45285,34.63325],[135.45287,34.63333],[135.45284,34.63374],[135.45282,34.63413],[135.45281,34.63415],[135.4528,34.63416],[135.45275,34.63448],[135.45267,34.63494],[135.4521,34.63503],[135.45208,34.63503],[135.45182,34.63507],[135.45181,34.63507],[135.45179,34.63508],[135.45175,34.63508],[135.45158,34.63511],[135.45156,34.63511],[135.45124,34.63516],[135.45122,34.63517],[135.45095,34.63521],[135.45071,34.63518],[135.45063,34.63517],[135.45061,34.63517],[135.45032,34.63513],[135.45021,34.63464],[135.45017,34.63465],[135.45028,34.63513],[135.45009,34.6351],[135.45,34.63509],[135.44824,34.63488],[135.448,34.63622],[135.44792,34.63667],[135.4478,34.63733],[135.4478,34.63736],[135.44757,34.63861],[135.44756,34.63869],[135.44735,34.63986],[135.4471,34.64126],[135.44809,34.64156],[135.44844,34.64167],[135.4487,34.64175],[135.4493,34.64193],[135.45,34.64215],[135.45003,34.64216],[135.45016,34.6422],[135.45124,34.64253],[135.45094,34.64418],[135.45094,34.64419],[135.45099,34.6442],[135.45079,34.64533],[135.45043,34.64592],[135.45047,34.64594],[135.4511,34.64617],[135.45134,34.64626],[135.45195,34.64647],[135.45231,34.64661],[135.45282,34.64677],[135.45303,34.64685],[135.45311,34.64688],[135.45372,34.64707],[135.45391,34.64713],[135.45457,34.64738],[135.45479,34.64744],[135.45541,34.64769],[135.45552,34.64771],[135.4556,34.64773],[135.45599,34.64788],[135.45609,34.64793],[135.45626,34.64803],[135.45637,34.64815],[135.45641,34.64819],[135.4571,34.64916],[135.45735,34.64949],[135.4577,34.65],[135.45809,34.65055],[135.45833,34.6509],[135.45857,34.65122],[135.45871,34.65142],[135.45915,34.65204],[135.45923,34.65218],[135.45962,34.65268],[135.46012,34.65337],[135.46022,34.65351],[135.46056,34.654],[135.46127,34.65501],[135.46128,34.65502],[135.46128,34.65503],[135.46138,34.65516],[135.46148,34.6553],[135.46169,34.65555],[135.46209,34.6561],[135.46225,34.65631],[135.46234,34.65643],[135.46244,34.65655],[135.46284,34.65706],[135.46301,34.65728],[135.46302,34.65729],[135.46309,34.65742],[135.4638,34.65833],[135.46388,34.65843],[135.46398,34.65856],[135.46411,34.65878],[135.46479,34.6596],[135.46502,34.6599],[135.46517,34.6601],[135.46566,34.66064],[135.4659,34.6609],[135.46599,34.661],[135.46609,34.66111],[135.46641,34.66143],[135.46641,34.66144],[135.46665,34.66168],[135.46667,34.6617],[135.46679,34.66181],[135.46689,34.66189],[135.4669,34.6619],[135.46691,34.66191],[135.46704,34.66205],[135.46708,34.66209],[135.46728,34.66227],[135.46734,34.66232],[135.46779,34.66273],[135.46813,34.66302],[135.4682,34.66308],[135.46827,34.66313],[135.46832,34.66317],[135.46864,34.66344],[135.46894,34.66369],[135.46961,34.66427],[135.47008,34.66465],[135.47021,34.66476],[135.47073,34.66516],[135.47144,34.66568],[135.47157,34.66577],[135.47164,34.66581],[135.47174,34.66589],[135.47217,34.66612],[135.4722,34.66614],[135.47236,34.66624],[135.47292,34.66649],[135.47323,34.66661],[135.4734,34.66667],[135.47373,34.66677],[135.47418,34.6669],[135.47432,34.66677],[135.475,34.66688],[135.47537,34.66694],[135.47549,34.66697],[135.47609,34.66711],[135.47647,34.66716],[135.47686,34.66722],[135.47727,34.66729],[135.47816,34.66749],[135.47829,34.66752],[135.47882,34.66762],[135.4791,34.66767],[135.47934,34.66773],[135.47964,34.66782],[135.47997,34.66791],[135.48026,34.66797],[135.4804,34.66806],[135.48054,34.66814],[135.48075,34.66753],[135.48106,34.66667],[135.48107,34.66662],[135.48129,34.66586],[135.48133,34.66573],[135.48148,34.66519],[135.48156,34.66494],[135.48167,34.66455],[135.48181,34.66399],[135.48182,34.66397],[135.48184,34.66379],[135.48185,34.66366],[135.48186,34.6636],[135.48189,34.66343],[135.4819,34.66332],[135.48194,34.66309],[135.48196,34.66262],[135.48198,34.66198],[135.48199,34.66173],[135.48199,34.66149],[135.48202,34.66093],[135.48204,34.66074],[135.48204,34.6607],[135.48204,34.66024],[135.48204,34.65995],[135.48201,34.65938],[135.48199,34.65926],[135.48199,34.65921],[135.48198,34.65912],[135.48192,34.65872],[135.48184,34.65833],[135.48175,34.65771],[135.48174,34.65756],[135.48162,34.65695],[135.48159,34.65678],[135.48138,34.65583],[135.48129,34.65543],[135.48125,34.65535],[135.48121,34.65528],[135.4811,34.65507],[135.48108,34.65502],[135.48104,34.65491],[135.48084,34.65457],[135.48061,34.65417],[135.48035,34.65365],[135.48024,34.65341],[135.48019,34.65327],[135.48004,34.6529],[135.47993,34.65264],[135.47972,34.65213],[135.47961,34.65185],[135.4794,34.65134],[135.4791,34.65064],[135.47908,34.65059],[135.47901,34.65045],[135.4789,34.65016],[135.47884,34.65],[135.4788,34.64992],[135.47878,34.64966],[135.47875,34.64914],[135.47875,34.64898],[135.47877,34.64839],[135.47877,34.64835],[135.47878,34.64818],[135.47886,34.64772],[135.47889,34.64754],[135.47891,34.64735],[135.47891,34.64733],[135.47898,34.64663],[135.47899,34.64652],[135.479,34.64634],[135.47904,34.64597],[135.47904,34.6458],[135.47909,34.64525],[135.47909,34.6452],[135.4791,34.6446],[135.47913,34.64371],[135.47912,34.64352],[135.47911,34.64319],[135.47911,34.64272],[135.47905,34.64172],[135.47905,34.64167],[135.47903,34.64148],[135.47893,34.64034],[135.47877,34.63943],[135.47865,34.63886],[135.47852,34.63832],[135.47848,34.63813],[135.47829,34.63755],[135.47824,34.63739],[135.47806,34.63689],[135.47802,34.63677],[135.47796,34.63659],[135.47784,34.63624],[135.47778,34.63608],[135.47768,34.63584],[135.47739,34.63511],[135.47714,34.63454],[135.47706,34.63439],[135.477,34.63426],[135.47696,34.63417],[135.47684,34.63392],[135.4768,34.63383],[135.47657,34.63343],[135.47651,34.63333],[135.47622,34.63279],[135.47608,34.63253],[135.47603,34.63243],[135.47585,34.63209],[135.47576,34.63192],[135.47559,34.63167],[135.47525,34.63115],[135.47512,34.63098],[135.475,34.63082],[135.47482,34.63059],[135.47475,34.63048],[135.47471,34.63045],[135.47461,34.63035],[135.47444,34.63016],[135.47415,34.62988],[135.4738,34.62957],[135.47368,34.62946],[135.47335,34.62915],[135.47311,34.62893],[135.47302,34.62885],[135.47275,34.6286],[135.47267,34.62855],[135.47244,34.62837],[135.47227,34.62825],[135.47226,34.62824],[135.47188,34.62802],[135.47171,34.62793],[135.47157,34.62786],[135.47148,34.62782],[135.47138,34.62777],[135.47126,34.62772],[135.47121,34.6277],[135.47061,34.62746],[135.47011,34.6273],[135.46968,34.62716],[135.46954,34.62714],[135.46948,34.62713],[135.46887,34.62696],[135.46808,34.62678],[135.4675,34.62665],[135.46667,34.62649],[135.4665,34.62646],[135.46543,34.62625],[135.46411,34.62596],[135.46378,34.6259],[135.46326,34.6258],[135.46314,34.62578],[135.46245,34.62564],[135.46239,34.62563],[135.46205,34.62556],[135.46199,34.62555],[135.46074,34.62529],[135.45962,34.6251],[135.45908,34.625],[135.45869,34.62493],[135.45833,34.62488],[135.45774,34.62479],[135.4568,34.62469],[135.45596,34.62461],[135.45593,34.62461],[135.45577,34.62462],[135.45555,34.62462],[135.45522,34.62464],[135.45488,34.62466],[135.45457,34.62467],[135.45413,34.62471],[135.45393,34.62475],[135.4537,34.62481],[135.45328,34.62491],[135.45307,34.62495],[135.45292,34.62499],[135.45289,34.625],[135.45284,34.62501],[135.45241,34.62513],[135.45207,34.62522],[135.45153,34.62538],[135.45133,34.62544],[135.45066,34.62565],[135.45044,34.62572],[135.45009,34.62586],[135.45,34.62589]],[[135.45274,34.63259],[135.45273,34.63253],[135.45272,34.63249],[135.45252,34.63252],[135.45251,34.63251],[135.45247,34.63252],[135.45247,34.63253],[135.45236,34.63255],[135.45234,34.63254],[135.4523,34.63255],[135.4522,34.63257],[135.4522,34.63256],[135.45216,34.63257],[135.45216,34.63258],[135.45209,34.63259],[135.45209,34.63258],[135.45205,34.63259],[135.452,34.6326],[135.45199,34.6326],[135.45196,34.6326],[135.45195,34.63261],[135.45189,34.63262],[135.45188,34.63261],[135.45185,34.63262],[135.45185,34.63263],[135.45181,34.63263],[135.45178,34.63264],[135.45177,34.63263],[135.45174,34.63264],[135.45173,34.63265],[135.45169,34.63265],[135.45168,34.63265],[135.45165,34.63265],[135.45164,34.63266],[135.45157,34.63267],[135.45157,34.63266],[135.45153,34.63267],[135.45152,34.63268],[135.45149,34.63269],[135.45148,34.63267],[135.45145,34.63268],[135.45144,34.63269],[135.45139,34.6327],[135.45139,34.63269],[135.45136,34.63269],[135.45135,34.63271],[135.4513,34.63271],[135.45127,34.63271],[135.45126,34.63272],[135.4513,34.63286],[135.45132,34.63286],[135.45133,34.63285],[135.45143,34.63283],[135.45143,34.63284],[135.45146,34.63284],[135.45147,34.63283],[135.45172,34.63278],[135.45173,34.63279],[135.45176,34.63279],[135.45177,34.63278],[135.45181,34.63277],[135.45187,34.63276],[135.45188,34.63277],[135.45191,34.63276],[135.45201,34.63274],[135.45202,34.63275],[135.45206,34.63274],[135.45206,34.63273],[135.45218,34.63271],[135.45219,34.63272],[135.45222,34.63271],[135.45223,34.6327],[135.45275,34.63263],[135.45274,34.63259]]]]}},{"type":"Feature","properties":{"code":"27109","name":"天王寺区"},"geometry":{"type":"MultiPolygon","coordinates":[[[[135.51073,34.6625],[135.51082,34.66345],[135.51082,34.66348],[135.51083,34.66351],[135.51088,34.66412],[135.51089,34.66438],[135.5109,34.66467],[135.51129,34.66465],[135.5114,34.66464],[135.51142,34.66504],[135.51143,34.66519],[135.51146,34.66589],[135.51147,34.66596],[135.51147,34.66611],[135.51147,34.66627],[135.51149,34.6664],[135.51149,34.66641],[135.5115,34.66645],[135.5115,34.66649],[135.5115,34.6665],[135.5119,34.66648],[135.51198,34.66648],[135.51219,34.66647],[135.51279,34.66644],[135.51339,34.66642],[135.51345,34.66642],[135.51349,34.66642],[135.51391,34.6664],[135.51433,34.66638],[135.51437,34.66637],[135.51441,34.66637],[135.515,34.66634],[135.51548,34.66629],[135.51565,34.66628],[135.51568,34.66627],[135.51586,34.66626],[135.51589,34.66625],[135.51629,34.66622],[135.51637,34.66621],[135.51638,34.66621],[135.51667,34.66617],[135.51705,34.66611],[135.51713,34.6661],[135.5176,34.66603],[135.51798,34.66599],[135.51809,34.66598],[135.5189,34.66588],[135.51896,34.66587],[135.51901,34.66613],[135.51902,34.66616],[135.51903,34.66623],[135.51907,34.66639],[135.51913,34.66667],[135.51917,34.66685],[135.51917,34.66688],[135.51931,34.66753],[135.51937,34.66776],[135.51941,34.66797],[135.51953,34.66864],[135.51958,34.66891],[135.51961,34.66903],[135.51962,34.66908],[135.51963,34.66911],[135.5198,34.66981],[135.51981,34.66992],[135.51984,34.67016],[135.51986,34.67036],[135.51991,34.67085],[135.51992,34.67094],[135.51994,34.67106],[135.51995,34.67115],[135.51996,34.67125],[135.51997,34.67138],[135.51998,34.67144],[135.51999,34.67151],[135.52,34.67159],[135.52001,34.67167],[135.52003,34.67184],[135.52011,34.67256],[135.52012,34.67261],[135.52014,34.67286],[135.52017,34.67308],[135.52017,34.67315],[135.52018,34.67318],[135.52029,34.67426],[135.52029,34.67429],[135.5203,34.67432],[135.52033,34.67465],[135.52033,34.67469],[135.52037,34.675],[135.5204,34.67533],[135.52044,34.67536],[135.52055,34.67543],[135.5207,34.67553],[135.52098,34.67572],[135.52112,34.67581],[135.52116,34.67584],[135.52125,34.6759],[135.52151,34.67607],[135.5216,34.67607],[135.52164,34.67606],[135.52168,34.67606],[135.5233,34.67589],[135.52364,34.67581],[135.52369,34.6758],[135.52373,34.67579],[135.52404,34.67571],[135.52443,34.67566],[135.525,34.67558],[135.52538,34.67553],[135.52613,34.67539],[135.52623,34.67537],[135.5266,34.67531],[135.52739,34.67517],[135.52744,34.67516],[135.52747,34.67515],[135.52837,34.675],[135.52863,34.67495],[135.52949,34.6749],[135.52957,34.67489],[135.52974,34.67488],[135.53031,34.67485],[135.53035,34.67485],[135.53158,34.67479],[135.53163,34.67479],[135.53165,34.67479],[135.53175,34.67479],[135.53245,34.6748],[135.53257,34.6748],[135.53277,34.6748],[135.53333,34.6748],[135.53355,34.67481],[135.53353,34.67476],[135.53349,34.67463],[135.53345,34.67449],[135.53341,34.67437],[135.53338,34.67425],[135.53338,34.67376],[135.5334,34.67367],[135.53341,34.67364],[135.53342,34.67361],[135.53345,34.67349],[135.5334,34.67313],[135.5334,34.67309],[135.53337,34.67289],[135.53335,34.67276],[135.53333,34.67269],[135.53324,34.67241],[135.53317,34.6722],[135.53301,34.67191],[135.53301,34.67174],[135.53296,34.67157],[135.53287,34.67148],[135.53284,34.67144],[135.5328,34.6714],[135.53267,34.67125],[135.53251,34.67085],[135.53245,34.67068],[135.53238,34.67037],[135.53237,34.67032],[135.53216,34.67001],[135.53211,34.66992],[135.53202,34.6696],[135.53192,34.66927],[135.53187,34.66911],[135.53175,34.66871],[135.53154,34.6682],[135.53154,34.66819],[135.53142,34.6679],[135.53128,34.66735],[135.53124,34.66724],[135.53122,34.6672],[135.53116,34.66701],[135.53105,34.66667],[135.53086,34.66603],[135.53085,34.66599],[135.53081,34.66587],[135.53069,34.66547],[135.53065,34.66541],[135.53049,34.66517],[135.53038,34.665],[135.53019,34.66443],[135.53016,34.66436],[135.53013,34.66425],[135.52996,34.66376],[135.52988,34.66352],[135.52962,34.66265],[135.52959,34.66256],[135.52957,34.66248],[135.5295,34.66223],[135.52944,34.66205],[135.52944,34.66203],[135.52929,34.66153],[135.52876,34.65977],[135.52866,34.6594],[135.52864,34.65936],[135.52863,34.65933],[135.5284,34.65852],[135.52838,34.65845],[135.52835,34.65833],[135.5283,34.65818],[135.5282,34.65788],[135.52812,34.65766],[135.5281,34.65763],[135.5278,34.65682],[135.52779,34.65679],[135.52771,34.65658],[135.52764,34.65641],[135.52762,34.65635],[135.5276,34.65629],[135.52756,34.65618],[135.52746,34.65587],[135.52739,34.65555],[135.52738,34.65551],[135.52736,34.65544],[135.52713,34.65454],[135.5271,34.65443],[135.52707,34.65432],[135.52699,34.65405],[135.52637,34.65221],[135.52634,34.65214],[135.52631,34.65206],[135.52574,34.65054],[135.52567,34.65029],[135.52558,34.65006],[135.52557,34.65004],[135.52556,34.65],[135.52546,34.64974],[135.52534,34.64956],[135.52517,34.64931],[135.525,34.64909],[135.52486,34.6489],[135.52472,34.6487],[135.52463,34.64858],[135.5246,34.64854],[135.52457,34.64851],[135.52453,34.64846],[135.52445,34.64835],[135.5244,34.64829],[135.52434,34.64822],[135.52409,34.64791],[135.5239,34.6477],[135.52373,34.64752],[135.52329,34.64721],[135.52312,34.64708],[135.52305,34.64703],[135.52301,34.647],[135.52278,34.64681],[135.52273,34.64678],[135.5225,34.6466],[135.52199,34.64627],[135.52187,34.6462],[135.52145,34.64596],[135.52108,34.64586],[135.52083,34.64579],[135.5207,34.64576],[135.52,34.64558],[135.51963,34.64548],[135.51946,34.64543],[135.51945,34.64543],[135.51924,34.64538],[135.51896,34.6453],[135.51894,34.64529],[135.51871,34.64523],[135.51834,34.64513],[135.51826,34.64515],[135.51816,34.64517],[135.51737,34.64536],[135.51667,34.64553],[135.51642,34.64558],[135.51633,34.64561],[135.51602,34.64568],[135.5155,34.6458],[135.51542,34.64582],[135.51499,34.64592],[135.51492,34.64593],[135.51487,34.64595],[135.51393,34.64616],[135.51316,34.64635],[135.51304,34.64638],[135.51303,34.64638],[135.51301,34.64639],[135.51268,34.64648],[135.51157,34.64676],[135.5113,34.64683],[135.51057,34.64702],[135.50988,34.64721],[135.50934,34.64735],[135.50857,34.64755],[135.50836,34.6476],[135.50833,34.64761],[135.50789,34.64772],[135.50786,34.64773],[135.50782,34.64774],[135.5075,34.64783],[135.50709,34.64793],[135.50672,34.64799],[135.50655,34.64801],[135.50658,34.6481],[135.50663,34.64825],[135.50667,34.64839],[135.50672,34.64853],[135.50677,34.64871],[135.50695,34.64925],[135.50718,34.64997],[135.50719,34.65],[135.50784,34.65189],[135.50833,34.65342],[135.50842,34.6537],[135.50946,34.65359],[135.5095,34.65359],[135.50953,34.65379],[135.50954,34.65386],[135.50961,34.65436],[135.50968,34.65468],[135.5097,34.65477],[135.5097,34.6548],[135.50984,34.65547],[135.50985,34.6555],[135.50985,34.65554],[135.50988,34.65566],[135.50998,34.65613],[135.51007,34.6567],[135.5101,34.65685],[135.5101,34.6569],[135.51011,34.65695],[135.51026,34.65748],[135.51028,34.65764],[135.51031,34.65781],[135.51031,34.65785],[135.51032,34.6579],[135.51033,34.65797],[135.51037,34.65833],[135.51043,34.65894],[135.51043,34.65897],[135.51046,34.65935],[135.51052,34.65999],[135.51054,34.66013],[135.51056,34.66036],[135.51056,34.66058],[135.51062,34.66093],[135.51063,34.66114],[135.51063,34.66126],[135.51064,34.66129],[135.51066,34.66202],[135.51071,34.66233],[135.51071,34.66237],[135.51072,34.6624],[135.51073,34.6625]]]]}},{"type":"Feature","properties":{"code":"27111","name":"浪速区"},"geometry":{"type":"MultiPolygon","coordinates":[[[[135.49988,34.64983],[135.49985,34.64991],[135.49981,34.65],[135.49976,34.65012],[135.49973,34.65021],[135.49909,34.65037],[135.49877,34.65044],[135.49862,34.65048],[135.49845,34.65052],[135.49806,34.65062],[135.49794,34.65065],[135.49768,34.65072],[135.49766,34.65072],[135.4974,34.65078],[135.49734,34.6508],[135.49731,34.65081],[135.49719,34.65087],[135.49663,34.65102],[135.49642,34.65105],[135.496,34.65115],[135.49577,34.65121],[135.49552,34.65128],[135.49508,34.65142],[135.49482,34.65151],[135.4947,34.65156],[135.49437,34.65167],[135.49403,34.65186],[135.49374,34.65213],[135.49361,34.65228],[135.49355,34.65234],[135.49354,34.65236],[135.49351,34.65238],[135.49304,34.65272],[135.49264,34.65294],[135.4926,34.65296],[135.49255,34.65299],[135.49246,34.65304],[135.49207,34.65321],[135.49185,34.65333],[135.49168,34.65338],[135.49167,34.65338],[135.49162,34.6534],[135.49158,34.65341],[135.49142,34.65346],[135.49092,34.65358],[135.49061,34.65365],[135.4904,34.65367],[135.49028,34.65369],[135.49003,34.65371],[135.48981,34.65374],[135.4893,34.65378],[135.48909,34.65376],[135.48895,34.65375],[135.48862,34.65376],[135.48822,34.65373],[135.48816,34.65373],[135.48783,34.6537],[135.48771,34.65353],[135.48748,34.65326],[135.48739,34.65317],[135.48735,34.65313],[135.48732,34.6531],[135.4873,34.65308],[135.48723,34.65303],[135.48715,34.65297],[135.4871,34.65293],[135.48706,34.6529],[135.48703,34.65288],[135.48696,34.65282],[135.48626,34.6525],[135.48609,34.65242],[135.48584,34.65232],[135.48571,34.65228],[135.48563,34.65225],[135.48554,34.65222],[135.48539,34.65216],[135.48534,34.65214],[135.48525,34.65211],[135.48524,34.65218],[135.48524,34.65226],[135.48523,34.65238],[135.48522,34.65247],[135.48521,34.65253],[135.48519,34.65281],[135.48517,34.65299],[135.48515,34.6532],[135.48513,34.6535],[135.48512,34.65354],[135.48511,34.65372],[135.4851,34.65377],[135.48509,34.65385],[135.48508,34.65396],[135.48508,34.65399],[135.48508,34.65402],[135.48505,34.65472],[135.48504,34.65477],[135.48504,34.65486],[135.48504,34.65494],[135.48503,34.65507],[135.48503,34.65516],[135.48502,34.65523],[135.48502,34.65533],[135.48502,34.65542],[135.485,34.65549],[135.48496,34.65619],[135.48493,34.65645],[135.48507,34.65703],[135.48483,34.65694],[135.48455,34.65683],[135.48425,34.65671],[135.4841,34.65665],[135.48398,34.65661],[135.48383,34.65654],[135.48377,34.65651],[135.48365,34.65645],[135.48333,34.65627],[135.48286,34.65601],[135.48271,34.65593],[135.48225,34.65567],[135.48197,34.65552],[135.48175,34.6554],[135.48111,34.65504],[135.48108,34.65502],[135.4811,34.65507],[135.48121,34.65528],[135.48125,34.65535],[135.48129,34.65543],[135.48138,34.65583],[135.48159,34.65678],[135.48162,34.65695],[135.48174,34.65756],[135.48175,34.65771],[135.48184,34.65833],[135.48192,34.65872],[135.48198,34.65912],[135.48199,34.65921],[135.48199,34.65926],[135.48201,34.65938],[135.48204,34.65995],[135.48204,34.66024],[135.48204,34.6607],[135.48204,34.66074],[135.48202,34.66093],[135.48199,34.66149],[135.48199,34.66173],[135.48198,34.66198],[135.48196,34.66262],[135.48194,34.66309],[135.4819,34.66332],[135.48189,34.66343],[135.48186,34.6636],[135.48185,34.66366],[135.48184,34.66379],[135.48182,34.66397],[135.48181,34.66399],[135.48167,34.66455],[135.48156,34.66494],[135.48148,34.66519],[135.48133,34.66573],[135.48129,34.66586],[135.48107,34.66662],[135.48106,34.66667],[135.48075,34.66753],[135.48054,34.66814],[135.48093,34.66849],[135.48103,34.66865],[135.48108,34.66873],[135.48139,34.6689],[135.48174,34.66909],[135.48195,34.66917],[135.48256,34.66928],[135.48295,34.66936],[135.48333,34.66942],[135.48351,34.66945],[135.48474,34.66968],[135.48606,34.66992],[135.48617,34.66995],[135.4863,34.66999],[135.48648,34.67001],[135.48653,34.67001],[135.48656,34.67001],[135.48664,34.67001],[135.48684,34.67],[135.48743,34.66992],[135.48826,34.66982],[135.48851,34.66979],[135.49004,34.66965],[135.49167,34.66951],[135.49215,34.66946],[135.49233,34.66945],[135.49288,34.6694],[135.49673,34.66901],[135.49682,34.66897],[135.49689,34.66897],[135.49719,34.66897],[135.49724,34.66883],[135.49739,34.66873],[135.49836,34.66752],[135.49846,34.66733],[135.49847,34.66731],[135.49847,34.6673],[135.49848,34.66721],[135.49849,34.66716],[135.4985,34.66711],[135.49851,34.66705],[135.49852,34.66695],[135.49853,34.66689],[135.49868,34.66667],[135.49872,34.66661],[135.49916,34.66594],[135.49987,34.66492],[135.49995,34.66479],[135.5,34.66473],[135.50006,34.66464],[135.50008,34.66461],[135.50048,34.66404],[135.50103,34.66328],[135.5014,34.66343],[135.5015,34.66342],[135.50161,34.6634],[135.50178,34.66342],[135.50206,34.66347],[135.50233,34.66352],[135.5024,34.66353],[135.50274,34.66359],[135.5028,34.6636],[135.50287,34.66362],[135.50295,34.66363],[135.5031,34.66331],[135.50327,34.66327],[135.50366,34.66326],[135.5037,34.66326],[135.50389,34.66326],[135.50396,34.66325],[135.50403,34.66325],[135.50407,34.66325],[135.50413,34.66325],[135.50524,34.66321],[135.50529,34.66321],[135.50535,34.6632],[135.50564,34.66319],[135.50572,34.66317],[135.50601,34.6631],[135.50611,34.66307],[135.50636,34.663],[135.50682,34.66296],[135.50686,34.66295],[135.5069,34.66295],[135.50743,34.6629],[135.50802,34.66282],[135.50806,34.66282],[135.5081,34.66282],[135.50833,34.66279],[135.5091,34.66269],[135.50914,34.66269],[135.50917,34.66269],[135.50964,34.66263],[135.50968,34.66262],[135.5103,34.66255],[135.51033,34.66255],[135.51073,34.6625],[135.51072,34.6624],[135.51071,34.66237],[135.51071,34.66233],[135.51066,34.66202],[135.51064,34.66129],[135.51063,34.66126],[135.51063,34.66114],[135.51062,34.66093],[135.51056,34.66058],[135.51056,34.66036],[135.51054,34.66013],[135.51052,34.65999],[135.51046,34.65935],[135.51043,34.65897],[135.51043,34.65894],[135.51037,34.65833],[135.51033,34.65797],[135.51032,34.6579],[135.51031,34.65785],[135.51031,34.65781],[135.51028,34.65764],[135.51026,34.65748],[135.51011,34.65695],[135.5101,34.6569],[135.5101,34.65685],[135.51007,34.6567],[135.50998,34.65613],[135.50988,34.65566],[135.50985,34.65554],[135.50985,34.6555],[135.50984,34.65547],[135.5097,34.6548],[135.5097,34.65477],[135.50968,34.65468],[135.50961,34.65436],[135.50954,34.65386],[135.50953,34.65379],[135.5095,34.65359],[135.50946,34.65359],[135.50842,34.6537],[135.50833,34.65342],[135.50784,34.65189],[135.50719,34.65],[135.50718,34.64997],[135.50695,34.64925],[135.50677,34.64871],[135.50672,34.64853],[135.50667,34.64839],[135.50663,34.64825],[135.50658,34.6481],[135.50655,34.64801],[135.50651,34.64802],[135.50626,34.64805],[135.50624,34.64806],[135.5059,34.64814],[135.50576,34.64818],[135.50554,34.64824],[135.50543,34.64826],[135.50389,34.64866],[135.50368,34.64871],[135.50358,34.64874],[135.50357,34.64874],[135.50324,34.64882],[135.50303,34.64887],[135.50291,34.6489],[135.50261,34.64897],[135.5025,34.649],[135.50079,34.64942],[135.50075,34.64943],[135.50069,34.64945],[135.50045,34.64951],[135.50039,34.64952],[135.50011,34.64959],[135.5,34.64962],[135.49996,34.64963],[135.49988,34.64983]]]]}},{"type":"Feature","properties":{"code":"27113","name":"西淀川区"},"geometry":{"type":"MultiPolygon","coordinates":[[[[135.4073,34.6971],[135.40751,34.69739],[135.40833,34.69846],[135.40858,34.69878],[135.40907,34.69929],[135.40956,34.69975],[135.40988,34.7],[135.40999,34.70009],[135.41084,34.70072],[135.41165,34.70126],[135.41286,34.702],[135.41349,34.70227],[135.41385,34.70243],[135.41465,34.70276],[135.41535,34.70303],[135.41635,34.70341],[135.41667,34.70351],[135.41778,34.70388],[135.41893,34.70425],[135.4198,34.70455],[135.42228,34.70526],[135.42398,34.70571],[135.42457,34.7059],[135.42463,34.70592],[135.42491,34.70605],[135.425,34.70611],[135.42519,34.70622],[135.42553,34.70649],[135.42557,34.70652],[135.42587,34.70678],[135.42621,34.70715],[135.42656,34.70768],[135.42703,34.70833],[135.42709,34.70841],[135.42741,34.70886],[135.42786,34.7095],[135.42836,34.71014],[135.42854,34.71033],[135.42869,34.7105],[135.4288,34.71063],[135.42942,34.7112],[135.42958,34.71135],[135.43014,34.71176],[135.43055,34.71202],[135.4311,34.71235],[135.4318,34.71271],[135.43205,34.71283],[135.43236,34.71298],[135.4327,34.71315],[135.43271,34.71316],[135.43333,34.71345],[135.43366,34.7136],[135.43467,34.71406],[135.43591,34.71456],[135.43698,34.71495],[135.43816,34.71531],[135.43819,34.71532],[135.43958,34.71576],[135.44073,34.7161],[135.44132,34.71628],[135.44141,34.7163],[135.44167,34.71638],[135.44203,34.71649],[135.44252,34.71667],[135.44282,34.71678],[135.44349,34.71702],[135.44444,34.71737],[135.44516,34.71775],[135.44581,34.71809],[135.44617,34.71834],[135.44652,34.71866],[135.44695,34.71913],[135.44733,34.71967],[135.44761,34.7202],[135.44788,34.72078],[135.44803,34.72129],[135.44811,34.72169],[135.44806,34.72231],[135.44803,34.72253],[135.44799,34.72274],[135.44783,34.7232],[135.44763,34.72374],[135.44758,34.72389],[135.44727,34.72445],[135.44693,34.725],[135.4468,34.72521],[135.44657,34.72552],[135.44651,34.72564],[135.44642,34.72581],[135.44626,34.72621],[135.44603,34.72691],[135.44585,34.72753],[135.44562,34.72841],[135.44556,34.729],[135.44556,34.72908],[135.44672,34.72892],[135.44676,34.72892],[135.44788,34.72876],[135.44917,34.72852],[135.44972,34.72842],[135.45,34.72836],[135.45065,34.72824],[135.45129,34.7281],[135.45206,34.72789],[135.45314,34.72753],[135.45438,34.72708],[135.45454,34.727],[135.45471,34.72692],[135.45502,34.72672],[135.45527,34.72653],[135.45616,34.72586],[135.45657,34.72554],[135.45658,34.72553],[135.45676,34.7254],[135.45678,34.72538],[135.45693,34.72524],[135.45712,34.725],[135.45722,34.72487],[135.45759,34.72444],[135.45794,34.72411],[135.45833,34.72379],[135.45863,34.72354],[135.45868,34.7235],[135.45928,34.72314],[135.45957,34.72294],[135.45988,34.72265],[135.46019,34.72236],[135.46044,34.72209],[135.46199,34.72023],[135.46225,34.71994],[135.46395,34.71801],[135.46405,34.71789],[135.46413,34.71779],[135.46416,34.71775],[135.46448,34.71735],[135.46513,34.71667],[135.46535,34.71642],[135.46547,34.71629],[135.46667,34.71501],[135.46682,34.71484],[135.46733,34.71429],[135.46758,34.714],[135.46874,34.7126],[135.46927,34.712],[135.46977,34.71143],[135.47117,34.70984],[135.47157,34.70939],[135.47182,34.7091],[135.47249,34.70833],[135.47393,34.70668],[135.47378,34.7066],[135.47359,34.70649],[135.47297,34.70613],[135.46802,34.70326],[135.46667,34.70248],[135.46635,34.70229],[135.46634,34.70229],[135.4649,34.70145],[135.46402,34.70093],[135.46246,34.7],[135.46207,34.69977],[135.46188,34.69965],[135.46171,34.69955],[135.46143,34.69938],[135.46092,34.69911],[135.45833,34.69779],[135.45672,34.69697],[135.45528,34.69624],[135.45451,34.69586],[135.45369,34.69545],[135.45275,34.69502],[135.45247,34.6949],[135.45192,34.69465],[135.45107,34.69425],[135.45,34.69376],[135.44865,34.69313],[135.44844,34.69305],[135.4482,34.69296],[135.44721,34.69253],[135.44615,34.69206],[135.44521,34.69167],[135.44355,34.69097],[135.44272,34.69062],[135.44167,34.69018],[135.43935,34.68921],[135.43925,34.68917],[135.43522,34.68765],[135.43519,34.68764],[135.43333,34.68698],[135.4328,34.6868],[135.43271,34.68676],[135.4311,34.68619],[135.42788,34.68508],[135.425,34.6842],[135.42321,34.68366],[135.42241,34.68343],[135.42207,34.68333],[135.42028,34.68282],[135.42,34.68333],[135.41809,34.6867],[135.41806,34.6867],[135.41804,34.68671],[135.41802,34.68673],[135.418,34.68674],[135.41799,34.68676],[135.41794,34.68689],[135.41788,34.68704],[135.41788,34.68705],[135.41784,34.68714],[135.41779,34.68722],[135.41769,34.68743],[135.41762,34.68758],[135.41758,34.6877],[135.41757,34.68773],[135.41758,34.68776],[135.41758,34.68778],[135.41759,34.6878],[135.41761,34.68783],[135.41764,34.68785],[135.41766,34.68787],[135.41769,34.68788],[135.41772,34.6879],[135.41774,34.68793],[135.41775,34.68795],[135.41776,34.68797],[135.41776,34.688],[135.41777,34.68803],[135.41777,34.68805],[135.41773,34.68805],[135.41771,34.68806],[135.41674,34.68846],[135.41667,34.68849],[135.41604,34.68879],[135.41599,34.68881],[135.41444,34.68958],[135.41435,34.68956],[135.41431,34.68956],[135.41424,34.68957],[135.41416,34.68959],[135.41409,34.68961],[135.41404,34.68963],[135.4139,34.68967],[135.41373,34.68974],[135.41365,34.68978],[135.413,34.69014],[135.41276,34.69027],[135.41243,34.69046],[135.41217,34.6906],[135.41173,34.69085],[135.41169,34.69087],[135.41156,34.69095],[135.41146,34.69102],[135.41137,34.69109],[135.4112,34.69121],[135.41111,34.69128],[135.41101,34.69136],[135.41092,34.69145],[135.41082,34.69154],[135.41073,34.69163],[135.41073,34.69164],[135.4107,34.69167],[135.41061,34.69175],[135.41057,34.69178],[135.41051,34.69185],[135.41042,34.69193],[135.41037,34.69199],[135.41035,34.69202],[135.41031,34.69207],[135.41027,34.69213],[135.4102,34.69224],[135.40979,34.69285],[135.4096,34.69313],[135.40948,34.69334],[135.40942,34.69343],[135.40933,34.69359],[135.40923,34.69379],[135.4091,34.69405],[135.40897,34.69432],[135.40888,34.69451],[135.40879,34.6947],[135.40876,34.69475],[135.40872,34.69488],[135.40869,34.69498],[135.40845,34.69583],[135.40842,34.69582],[135.4084,34.69589],[135.40833,34.69612],[135.40829,34.69627],[135.40833,34.69628],[135.40829,34.69658],[135.4073,34.6971]]]]}},{"type":"Feature","properties":{"code":"27114","name":"東淀川区"},"geometry":{"type":"MultiPolygon","coordinates":[[[[135.50671,34.74473],[135.50697,34.74466],[135.5074,34.7446],[135.50745,34.74459],[135.5075,34.74459],[135.5078,34.74457],[135.50833,34.74467],[135.50834,34.74467],[135.50889,34.74488],[135.50954,34.74532],[135.5105,34.74608],[135.51193,34.74723],[135.5123,34.74752],[135.51327,34.74827],[135.51349,34.74843],[135.51413,34.74886],[135.51437,34.749],[135.51501,34.74935],[135.51539,34.74951],[135.51552,34.74956],[135.51579,34.74968],[135.51641,34.74983],[135.51667,34.74989],[135.51712,34.74999],[135.51719,34.75],[135.51791,34.75009],[135.51867,34.75019],[135.51906,34.75023],[135.51914,34.75],[135.51927,34.74961],[135.51928,34.74957],[135.51941,34.74918],[135.5195,34.74892],[135.51956,34.74888],[135.52004,34.74892],[135.52011,34.74894],[135.52041,34.74899],[135.52042,34.74895],[135.52047,34.74885],[135.52156,34.74901],[135.52193,34.749],[135.52202,34.749],[135.52225,34.74899],[135.52241,34.74894],[135.52283,34.74883],[135.52331,34.74866],[135.52349,34.74858],[135.52365,34.74852],[135.52413,34.74832],[135.52423,34.74827],[135.525,34.7479],[135.52507,34.74786],[135.5251,34.74785],[135.52532,34.74783],[135.52561,34.74787],[135.52638,34.74811],[135.52724,34.7484],[135.52758,34.74851],[135.5278,34.7486],[135.52816,34.7489],[135.52822,34.74896],[135.52837,34.74908],[135.52847,34.74913],[135.52866,34.74924],[135.5287,34.74926],[135.52876,34.74929],[135.52889,34.74938],[135.52893,34.74962],[135.52898,34.75],[135.52899,34.7501],[135.52911,34.75025],[135.52917,34.75032],[135.52921,34.75037],[135.52961,34.75059],[135.52995,34.75068],[135.53015,34.75077],[135.53021,34.75079],[135.53037,34.75077],[135.53047,34.75081],[135.53058,34.75093],[135.53071,34.75108],[135.53074,34.75126],[135.53079,34.7514],[135.53107,34.75159],[135.53117,34.75178],[135.53134,34.75184],[135.53143,34.75205],[135.53161,34.75234],[135.53165,34.75249],[135.5316,34.75264],[135.53155,34.75267],[135.53133,34.75281],[135.5312,34.75284],[135.53085,34.75294],[135.53077,34.75296],[135.52969,34.75325],[135.52966,34.75329],[135.52961,34.75338],[135.5296,34.7534],[135.52939,34.75377],[135.52933,34.75387],[135.52929,34.75394],[135.52907,34.75441],[135.52899,34.75457],[135.5294,34.75502],[135.52945,34.75509],[135.52962,34.7553],[135.5298,34.75556],[135.52994,34.75576],[135.53009,34.75601],[135.53021,34.75618],[135.53033,34.75634],[135.53068,34.75688],[135.53076,34.75704],[135.5312,34.75775],[135.53131,34.75794],[135.53158,34.75833],[135.53163,34.7584],[135.53185,34.75873],[135.53194,34.7589],[135.53204,34.75903],[135.53205,34.75903],[135.53236,34.75942],[135.53256,34.75959],[135.53285,34.75981],[135.53298,34.75987],[135.53322,34.75996],[135.53333,34.76001],[135.53346,34.76005],[135.53369,34.76011],[135.53385,34.76014],[135.53435,34.76024],[135.5349,34.76035],[135.5356,34.7605],[135.5364,34.76067],[135.53672,34.76075],[135.53689,34.76078],[135.53713,34.7608],[135.5376,34.76085],[135.53782,34.76087],[135.53798,34.7609],[135.53816,34.76091],[135.53864,34.76099],[135.53886,34.76104],[135.5391,34.76112],[135.53919,34.76118],[135.53944,34.76134],[135.5397,34.76161],[135.53987,34.76186],[135.53998,34.76201],[135.54004,34.76211],[135.54007,34.76216],[135.54037,34.76262],[135.54048,34.7628],[135.54054,34.76293],[135.5406,34.76315],[135.54078,34.76357],[135.54084,34.7638],[135.54101,34.76444],[135.54111,34.76486],[135.54123,34.76521],[135.54133,34.76559],[135.54145,34.76587],[135.54155,34.7661],[135.54165,34.76626],[135.54167,34.76629],[135.54192,34.76662],[135.54196,34.76667],[135.54216,34.76689],[135.5423,34.76705],[135.5427,34.7674],[135.54307,34.7677],[135.54322,34.76784],[135.54356,34.76806],[135.54412,34.76846],[135.54446,34.7686],[135.54497,34.76879],[135.54521,34.76885],[135.5453,34.76883],[135.54542,34.7688],[135.54551,34.76875],[135.54567,34.76867],[135.54584,34.76858],[135.54593,34.76853],[135.54606,34.76846],[135.54616,34.7684],[135.54625,34.76834],[135.54634,34.76828],[135.54645,34.76821],[135.54661,34.76817],[135.54662,34.76817],[135.54686,34.76817],[135.54719,34.76818],[135.54779,34.76818],[135.54796,34.76822],[135.54806,34.76824],[135.54852,34.76836],[135.54871,34.76843],[135.54877,34.76845],[135.54892,34.76838],[135.54899,34.76834],[135.54915,34.76826],[135.54943,34.76817],[135.54967,34.7681],[135.54987,34.76805],[135.55,34.76796],[135.55004,34.76793],[135.55038,34.76767],[135.5506,34.76747],[135.55065,34.76741],[135.55083,34.76722],[135.55092,34.76706],[135.55106,34.76684],[135.55114,34.76667],[135.55116,34.76664],[135.55118,34.7665],[135.55121,34.76635],[135.55128,34.76573],[135.55129,34.76557],[135.55132,34.76539],[135.55129,34.76524],[135.55123,34.7649],[135.55117,34.76473],[135.5511,34.76453],[135.55108,34.76432],[135.55102,34.76425],[135.55092,34.76444],[135.55085,34.76453],[135.55065,34.76467],[135.55045,34.76477],[135.55022,34.76491],[135.55,34.76507],[135.54984,34.76518],[135.54934,34.76553],[135.5492,34.7654],[135.54907,34.76528],[135.54926,34.76514],[135.54963,34.7649],[135.54971,34.76483],[135.54979,34.76477],[135.54987,34.76471],[135.54994,34.76467],[135.55,34.76463],[135.5505,34.76431],[135.55066,34.76418],[135.55069,34.76411],[135.55073,34.764],[135.55091,34.76375],[135.55103,34.76351],[135.55096,34.76325],[135.55088,34.76295],[135.55069,34.76214],[135.55067,34.76197],[135.55059,34.76152],[135.55059,34.76131],[135.55059,34.76114],[135.55057,34.76108],[135.55045,34.76113],[135.55043,34.7612],[135.5501,34.76158],[135.55003,34.7615],[135.55002,34.76136],[135.55003,34.76119],[135.55006,34.76097],[135.55008,34.76076],[135.5501,34.76053],[135.55011,34.76043],[135.55011,34.76033],[135.55011,34.76021],[135.55022,34.75955],[135.55025,34.75934],[135.55027,34.75924],[135.55029,34.75909],[135.55035,34.75864],[135.5504,34.75853],[135.55047,34.75836],[135.55048,34.75833],[135.55056,34.75812],[135.55067,34.75789],[135.55073,34.75778],[135.55074,34.75763],[135.55075,34.75737],[135.55076,34.75728],[135.55076,34.75715],[135.55104,34.75712],[135.55108,34.75711],[135.55125,34.7571],[135.55166,34.75706],[135.55223,34.75704],[135.55232,34.75704],[135.5524,34.75703],[135.55256,34.75703],[135.55378,34.75697],[135.5549,34.75691],[135.55577,34.7569],[135.55697,34.75689],[135.55706,34.75689],[135.55731,34.75689],[135.55825,34.7569],[135.55827,34.75673],[135.55828,34.75661],[135.55829,34.75654],[135.55828,34.75646],[135.55826,34.75629],[135.55833,34.7562],[135.55837,34.75616],[135.55841,34.75613],[135.5585,34.75604],[135.55857,34.75597],[135.55867,34.75587],[135.55884,34.75569],[135.55897,34.75554],[135.55909,34.7554],[135.5591,34.7554],[135.55972,34.75475],[135.56036,34.75415],[135.56053,34.75399],[135.55944,34.7534],[135.55921,34.75325],[135.55872,34.75287],[135.55833,34.75253],[135.55814,34.75236],[135.55749,34.75169],[135.55713,34.75131],[135.55696,34.75099],[135.5569,34.75087],[135.55684,34.75077],[135.55664,34.75014],[135.55662,34.75008],[135.5566,34.75],[135.55637,34.74898],[135.5563,34.74793],[135.55631,34.74729],[135.55632,34.74669],[135.55639,34.7462],[135.55644,34.74608],[135.55631,34.74571],[135.55607,34.74498],[135.556,34.74476],[135.55562,34.74355],[135.55509,34.74167],[135.55495,34.74118],[135.55485,34.74078],[135.55468,34.74012],[135.55427,34.73935],[135.55427,34.73934],[135.55369,34.73867],[135.55305,34.73801],[135.55175,34.73692],[135.55126,34.73664],[135.55104,34.73652],[135.55031,34.73611],[135.55,34.73597],[135.5484,34.73527],[135.5476,34.73497],[135.54742,34.7349],[135.54675,34.73469],[135.54506,34.73425],[135.54366,34.73396],[135.54327,34.73388],[135.54275,34.73377],[135.54167,34.73356],[135.54132,34.73349],[135.5402,34.73333],[135.53927,34.7332],[135.53696,34.73292],[135.53684,34.73292],[135.53652,34.7329],[135.53539,34.73284],[135.53333,34.73274],[135.53318,34.73273],[135.53244,34.73274],[135.5317,34.73288],[135.52998,34.73321],[135.52903,34.73333],[135.52872,34.73337],[135.52818,34.73341],[135.52714,34.73348],[135.52643,34.73349],[135.52586,34.73341],[135.52524,34.73333],[135.52502,34.7333],[135.525,34.7333],[135.52474,34.73326],[135.52426,34.73318],[135.52314,34.7329],[135.5222,34.73259],[135.52131,34.73219],[135.52071,34.73177],[135.52046,34.7316],[135.52009,34.73136],[135.5199,34.73123],[135.51972,34.7311],[135.51919,34.7306],[135.51899,34.73041],[135.51852,34.72983],[135.51818,34.72924],[135.51805,34.72894],[135.51797,34.72873],[135.51755,34.72755],[135.51698,34.72588],[135.51668,34.725],[135.51667,34.72497],[135.51653,34.72456],[135.51607,34.72328],[135.51601,34.72313],[135.51584,34.72271],[135.51568,34.72231],[135.51562,34.72216],[135.51551,34.72194],[135.51549,34.72191],[135.51531,34.72155],[135.51489,34.72074],[135.51481,34.72057],[135.51468,34.72033],[135.51276,34.72009],[135.51218,34.72003],[135.51122,34.71994],[135.51054,34.71987],[135.51034,34.71985],[135.51008,34.71982],[135.50917,34.71975],[135.50833,34.7197],[135.50777,34.71967],[135.50572,34.71955],[135.50437,34.71945],[135.50393,34.71941],[135.5039,34.72023],[135.50387,34.72146],[135.5038,34.72339],[135.5038,34.72346],[135.50379,34.7236],[135.50378,34.72374],[135.50369,34.72415],[135.50352,34.725],[135.50347,34.72523],[135.50344,34.72536],[135.50326,34.72594],[135.5032,34.72664],[135.50244,34.72862],[135.50214,34.73003],[135.50207,34.73087],[135.50205,34.73113],[135.50207,34.73171],[135.50214,34.73226],[135.50222,34.73255],[135.5023,34.73281],[135.50237,34.73301],[135.50248,34.73333],[135.50251,34.73341],[135.5025,34.73375],[135.5025,34.73419],[135.50249,34.73452],[135.50249,34.73466],[135.50249,34.73483],[135.50249,34.735],[135.50263,34.73557],[135.50265,34.73566],[135.50267,34.73571],[135.50285,34.73625],[135.50297,34.73654],[135.50311,34.73692],[135.50335,34.73738],[135.50374,34.7382],[135.5038,34.73832],[135.50444,34.73965],[135.5047,34.74026],[135.50524,34.74154],[135.5053,34.74167],[135.50587,34.74291],[135.50631,34.74386],[135.50638,34.74401],[135.50646,34.74418],[135.5067,34.74469],[135.50671,34.74473]]]]}},{"type":"Feature","properties":{"code":"27115","name":"東成区"},"geometry":{"type":"MultiPolygon","coordinates":[[[[135.53069,34.66547],[135.53081,34.66587],[135.53085,34.66599],[135.53086,34.66603],[135.53105,34.66667],[135.53116,34.66701],[135.53122,34.6672],[135.53124,34.66724],[135.53128,34.66735],[135.53142,34.6679],[135.53154,34.66819],[135.53154,34.6682],[135.53175,34.66871],[135.53187,34.66911],[135.53192,34.66927],[135.53202,34.6696],[135.53211,34.66992],[135.53216,34.67001],[135.53237,34.67032],[135.53238,34.67037],[135.53245,34.67068],[135.53251,34.67085],[135.53267,34.67125],[135.5328,34.6714],[135.53284,34.67144],[135.53287,34.67148],[135.53296,34.67157],[135.53301,34.67174],[135.53301,34.67191],[135.53317,34.6722],[135.53324,34.67241],[135.53333,34.67269],[135.53335,34.67276],[135.53337,34.67289],[135.5334,34.67309],[135.5334,34.67313],[135.53345,34.67349],[135.53342,34.67361],[135.53341,34.67364],[135.5334,34.67367],[135.53338,34.67376],[135.53338,34.67425],[135.53341,34.67437],[135.53345,34.67449],[135.53349,34.67463],[135.53353,34.67476],[135.53355,34.67481],[135.5336,34.675],[135.53416,34.67682],[135.53417,34.67684],[135.53416,34.677],[135.53426,34.67743],[135.53431,34.67765],[135.53436,34.67788],[135.5344,34.67807],[135.53444,34.67855],[135.53442,34.67875],[135.53438,34.67917],[135.53437,34.67934],[135.53435,34.6795],[135.53433,34.67969],[135.53428,34.67985],[135.53425,34.68035],[135.53425,34.68117],[135.53425,34.68145],[135.53425,34.68174],[135.53514,34.68173],[135.5355,34.68173],[135.53568,34.68172],[135.53585,34.68172],[135.53604,34.68172],[135.53651,34.68172],[135.53659,34.68171],[135.53663,34.68171],[135.53738,34.68171],[135.53763,34.68171],[135.53787,34.68171],[135.53807,34.68171],[135.53817,34.68171],[135.5383,34.68171],[135.53839,34.68171],[135.53889,34.68171],[135.53901,34.6817],[135.53916,34.68169],[135.53925,34.68169],[135.53988,34.68165],[135.54016,34.68162],[135.54027,34.68161],[135.54038,34.6816],[135.54013,34.68211],[135.54012,34.68224],[135.54009,34.68239],[135.54007,34.68252],[135.54007,34.68255],[135.5401,34.68324],[135.54011,34.68328],[135.54018,34.68328],[135.54032,34.68329],[135.54042,34.68324],[135.5405,34.68317],[135.54139,34.68234],[135.5415,34.68229],[135.54154,34.68227],[135.54167,34.68222],[135.54175,34.68218],[135.54284,34.682],[135.5429,34.68199],[135.54342,34.6819],[135.54384,34.68187],[135.54467,34.68177],[135.54481,34.68175],[135.54528,34.68169],[135.54534,34.68169],[135.54537,34.68168],[135.54668,34.68152],[135.54778,34.68139],[135.54786,34.68138],[135.54904,34.68124],[135.54947,34.68119],[135.54951,34.68119],[135.54955,34.68119],[135.55,34.68114],[135.55058,34.68108],[135.55066,34.68107],[135.55095,34.681],[135.55123,34.68093],[135.55136,34.68092],[135.5514,34.68091],[135.55276,34.68077],[135.55281,34.68077],[135.55285,34.68077],[135.55299,34.68075],[135.55336,34.68071],[135.55343,34.68071],[135.55355,34.68069],[135.55358,34.68069],[135.55365,34.68067],[135.55369,34.68066],[135.55373,34.68064],[135.55417,34.6805],[135.55485,34.68027],[135.55493,34.68024],[135.55572,34.67998],[135.55601,34.67987],[135.55606,34.67985],[135.55612,34.67982],[135.55637,34.67972],[135.55704,34.67935],[135.55747,34.67911],[135.5575,34.67909],[135.55802,34.6788],[135.55818,34.67871],[135.55833,34.67869],[135.55856,34.67866],[135.55863,34.67865],[135.55866,34.67865],[135.55991,34.67848],[135.5601,34.67846],[135.56014,34.67845],[135.56018,34.67845],[135.56036,34.67843],[135.56054,34.67842],[135.56078,34.67839],[135.56097,34.67837],[135.56157,34.67829],[135.56161,34.67829],[135.56178,34.67826],[135.56192,34.67824],[135.56209,34.67824],[135.56246,34.67817],[135.56321,34.67805],[135.5634,34.67802],[135.56337,34.67778],[135.56335,34.67769],[135.56331,34.67745],[135.56331,34.6774],[135.56329,34.6772],[135.56328,34.67708],[135.56325,34.67662],[135.56324,34.67657],[135.56324,34.67653],[135.56323,34.67639],[135.56316,34.67623],[135.56306,34.67593],[135.56303,34.67586],[135.56298,34.67568],[135.56298,34.67565],[135.56287,34.67528],[135.56287,34.67525],[135.5628,34.675],[135.56277,34.67492],[135.56275,34.67484],[135.56274,34.67482],[135.56273,34.67478],[135.56253,34.6742],[135.56251,34.67407],[135.5625,34.67392],[135.5625,34.67391],[135.5625,34.67386],[135.5625,34.67377],[135.56246,34.67354],[135.56246,34.67351],[135.56245,34.67346],[135.56244,34.67342],[135.56241,34.6733],[135.5624,34.67311],[135.56239,34.67308],[135.56239,34.67304],[135.56237,34.67295],[135.5623,34.67251],[135.5623,34.67248],[135.56225,34.67219],[135.56224,34.6721],[135.56223,34.67205],[135.56218,34.67175],[135.56206,34.67058],[135.56202,34.66992],[135.56201,34.66973],[135.562,34.66946],[135.56199,34.66938],[135.562,34.66935],[135.56203,34.66927],[135.56205,34.66922],[135.56209,34.66911],[135.56212,34.66902],[135.56213,34.66899],[135.56219,34.66875],[135.56219,34.66855],[135.56219,34.66824],[135.5622,34.66805],[135.5622,34.66802],[135.5622,34.66798],[135.5622,34.66791],[135.56207,34.66792],[135.56203,34.66792],[135.56131,34.66795],[135.56126,34.66795],[135.56122,34.66795],[135.56047,34.66797],[135.56043,34.66798],[135.56038,34.66798],[135.56034,34.66798],[135.55935,34.66801],[135.55931,34.66801],[135.55926,34.66801],[135.55893,34.66802],[135.5589,34.66802],[135.55885,34.66802],[135.55833,34.66804],[135.55815,34.66804],[135.5581,34.66804],[135.55742,34.66806],[135.5574,34.66785],[135.55735,34.66725],[135.55732,34.66694],[135.5573,34.66667],[135.5573,34.66662],[135.55722,34.66575],[135.55721,34.66571],[135.55721,34.66567],[135.55717,34.66519],[135.55716,34.66509],[135.55715,34.66505],[135.55715,34.66501],[135.55709,34.66445],[135.55709,34.66443],[135.55707,34.66427],[135.55655,34.6643],[135.55653,34.66431],[135.55632,34.66432],[135.55632,34.66444],[135.55564,34.66448],[135.55475,34.66454],[135.55351,34.66462],[135.55314,34.66465],[135.55298,34.66467],[135.55291,34.66468],[135.55274,34.6647],[135.5524,34.66475],[135.55208,34.66477],[135.5519,34.66479],[135.55147,34.66482],[135.55134,34.66483],[135.55126,34.66483],[135.55103,34.66485],[135.55097,34.66486],[135.55088,34.66486],[135.55076,34.66487],[135.55068,34.66488],[135.55,34.66493],[135.54884,34.66501],[135.54837,34.66504],[135.54726,34.66512],[135.54725,34.66513],[135.547,34.66517],[135.54632,34.66531],[135.5463,34.66531],[135.54621,34.66532],[135.54596,34.66536],[135.54554,34.66539],[135.54546,34.6654],[135.54532,34.66541],[135.54482,34.66545],[135.54478,34.66545],[135.54474,34.66545],[135.54418,34.66549],[135.54414,34.6655],[135.5441,34.6655],[135.54349,34.66555],[135.54345,34.66555],[135.54258,34.66561],[135.54249,34.66562],[135.54236,34.66563],[135.54187,34.66567],[135.54167,34.66567],[135.54156,34.66567],[135.54152,34.66567],[135.54147,34.66567],[135.54099,34.66568],[135.54063,34.66568],[135.54051,34.66568],[135.54037,34.66568],[135.53993,34.66569],[135.53974,34.66569],[135.53943,34.66569],[135.53917,34.66569],[135.53876,34.66569],[135.53831,34.6657],[135.53784,34.66568],[135.53777,34.66568],[135.53773,34.66568],[135.53657,34.66564],[135.5365,34.66564],[135.53597,34.66563],[135.53579,34.66562],[135.53543,34.66561],[135.53531,34.66561],[135.5348,34.66559],[135.53436,34.66558],[135.53424,34.66558],[135.5341,34.66557],[135.53333,34.66555],[135.5331,34.66554],[135.53303,34.66554],[135.53296,34.66554],[135.53291,34.66554],[135.53287,34.66553],[135.53282,34.66553],[135.53227,34.66552],[135.53224,34.66552],[135.53218,34.66551],[135.53151,34.66549],[135.53146,34.66549],[135.53132,34.66549],[135.53069,34.66547]]]]}},{"type":"Feature","properties":{"code":"27116","name":"生野区"},"geometry":{"type":"MultiPolygon","coordinates":[[[[135.54167,34.64082],[135.54134,34.64086],[135.5392,34.64112],[135.53904,34.64114],[135.53793,34.64127],[135.53768,34.64129],[135.53756,34.64126],[135.53735,34.64121],[135.53686,34.64094],[135.53673,34.64087],[135.53624,34.6406],[135.53622,34.64059],[135.53583,34.64035],[135.53577,34.64031],[135.53564,34.64023],[135.53562,34.64022],[135.53552,34.63968],[135.53548,34.63956],[135.53536,34.63912],[135.5351,34.6392],[135.53507,34.63921],[135.53505,34.63922],[135.53486,34.6395],[135.53484,34.63952],[135.53448,34.64004],[135.5344,34.64016],[135.53432,34.64027],[135.5343,34.6403],[135.5341,34.64059],[135.53384,34.64093],[135.53381,34.64098],[135.53373,34.64109],[135.53347,34.64138],[135.53333,34.6415],[135.53314,34.64167],[135.53286,34.64192],[135.53262,34.64209],[135.53214,34.64245],[135.53202,34.64254],[135.53166,34.64281],[135.53072,34.64352],[135.53069,34.64354],[135.53051,34.64368],[135.5297,34.64429],[135.52963,34.64434],[135.52948,34.64446],[135.52941,34.64451],[135.52922,34.64465],[135.52869,34.64505],[135.52847,34.64522],[135.52781,34.64574],[135.52775,34.64578],[135.5277,34.64582],[135.52674,34.64657],[135.52654,34.64674],[135.52653,34.64675],[135.52571,34.64745],[135.52565,34.6475],[135.525,34.64806],[135.52453,34.64846],[135.52457,34.64851],[135.5246,34.64854],[135.52463,34.64858],[135.52472,34.6487],[135.52486,34.6489],[135.525,34.64909],[135.52517,34.64931],[135.52534,34.64956],[135.52546,34.64974],[135.52556,34.65],[135.52557,34.65004],[135.52558,34.65006],[135.52567,34.65029],[135.52574,34.65054],[135.52631,34.65206],[135.52634,34.65214],[135.52637,34.65221],[135.52699,34.65405],[135.52707,34.65432],[135.5271,34.65443],[135.52713,34.65454],[135.52736,34.65544],[135.52738,34.65551],[135.52739,34.65555],[135.52746,34.65587],[135.52756,34.65618],[135.5276,34.65629],[135.52762,34.65635],[135.52764,34.65641],[135.52771,34.65658],[135.52779,34.65679],[135.5278,34.65682],[135.5281,34.65763],[135.52812,34.65766],[135.5282,34.65788],[135.5283,34.65818],[135.52835,34.65833],[135.52838,34.65845],[135.5284,34.65852],[135.52863,34.65933],[135.52864,34.65936],[135.52866,34.6594],[135.52876,34.65977],[135.52929,34.66153],[135.52944,34.66203],[135.52944,34.66205],[135.5295,34.66223],[135.52957,34.66248],[135.52959,34.66256],[135.52962,34.66265],[135.52988,34.66352],[135.52996,34.66376],[135.53013,34.66425],[135.53016,34.66436],[135.53019,34.66443],[135.53038,34.665],[135.53049,34.66517],[135.53065,34.66541],[135.53069,34.66547],[135.53132,34.66549],[135.53146,34.66549],[135.53151,34.66549],[135.53218,34.66551],[135.53224,34.66552],[135.53227,34.66552],[135.53282,34.66553],[135.53287,34.66553],[135.53291,34.66554],[135.53296,34.66554],[135.53303,34.66554],[135.5331,34.66554],[135.53333,34.66555],[135.5341,34.66557],[135.53424,34.66558],[135.53436,34.66558],[135.5348,34.66559],[135.53531,34.66561],[135.53543,34.66561],[135.53579,34.66562],[135.53597,34.66563],[135.5365,34.66564],[135.53657,34.66564],[135.53773,34.66568],[135.53777,34.66568],[135.53784,34.66568],[135.53831,34.6657],[135.53876,34.66569],[135.53917,34.66569],[135.53943,34.66569],[135.53974,34.66569],[135.53993,34.66569],[135.54037,34.66568],[135.54051,34.66568],[135.54063,34.66568],[135.54099,34.66568],[135.54147,34.66567],[135.54152,34.66567],[135.54156,34.66567],[135.54167,34.66567],[135.54187,34.66567],[135.54236,34.66563],[135.54249,34.66562],[135.54258,34.66561],[135.54345,34.66555],[135.54349,34.66555],[135.5441,34.6655],[135.54414,34.6655],[135.54418,34.66549],[135.54474,34.66545],[135.54478,34.66545],[135.54482,34.66545],[135.54532,34.66541],[135.54546,34.6654],[135.54554,34.66539],[135.54596,34.66536],[135.54621,34.66532],[135.5463,34.66531],[135.54632,34.66531],[135.547,34.66517],[135.54725,34.66513],[135.54726,34.66512],[135.54837,34.66504],[135.54884,34.66501],[135.55,34.66493],[135.55068,34.66488],[135.55076,34.66487],[135.55088,34.66486],[135.55097,34.66486],[135.55103,34.66485],[135.55126,34.66483],[135.55134,34.66483],[135.55147,34.66482],[135.5519,34.66479],[135.55208,34.66477],[135.5524,34.66475],[135.55274,34.6647],[135.55291,34.66468],[135.55298,34.66467],[135.55314,34.66465],[135.55351,34.66462],[135.55475,34.66454],[135.55564,34.66448],[135.55632,34.66444],[135.55632,34.66432],[135.55653,34.66431],[135.55655,34.6643],[135.55707,34.66427],[135.55707,34.6642],[135.55707,34.66418],[135.55706,34.66399],[135.55704,34.66347],[135.55704,34.66344],[135.55704,34.66334],[135.55767,34.66332],[135.55772,34.66332],[135.55775,34.66332],[135.55779,34.66332],[135.55833,34.66327],[135.55852,34.66325],[135.55856,34.66325],[135.55904,34.66321],[135.55899,34.66274],[135.55899,34.66271],[135.55898,34.66267],[135.55898,34.66262],[135.56007,34.6626],[135.56011,34.6626],[135.56116,34.66258],[135.56114,34.66223],[135.56114,34.6622],[135.56114,34.66214],[135.56111,34.66154],[135.56107,34.66148],[135.56105,34.66144],[135.56102,34.6614],[135.56097,34.6613],[135.56093,34.66114],[135.56111,34.66071],[135.56123,34.66066],[135.56126,34.66065],[135.56132,34.66064],[135.56133,34.66063],[135.56142,34.66061],[135.56155,34.66058],[135.56161,34.66035],[135.5616,34.66008],[135.56161,34.66005],[135.56162,34.66002],[135.56162,34.65998],[135.56165,34.65987],[135.56169,34.65964],[135.56179,34.65928],[135.5618,34.65913],[135.5618,34.6591],[135.5618,34.65899],[135.56182,34.65833],[135.56182,34.65825],[135.5625,34.65823],[135.56297,34.65825],[135.56312,34.65825],[135.56388,34.65827],[135.5639,34.65821],[135.5639,34.65776],[135.56391,34.65663],[135.56334,34.65662],[135.56333,34.65638],[135.56332,34.6562],[135.56331,34.65589],[135.56308,34.65589],[135.56199,34.65589],[135.56173,34.65588],[135.56169,34.65588],[135.56168,34.65588],[135.56164,34.65585],[135.5616,34.65583],[135.56158,34.65574],[135.56105,34.65576],[135.561,34.65576],[135.56036,34.65578],[135.56032,34.65578],[135.56028,34.65578],[135.56008,34.65578],[135.55958,34.6558],[135.55924,34.65581],[135.55889,34.65582],[135.55884,34.65582],[135.55856,34.65583],[135.55855,34.65488],[135.55855,34.65479],[135.5594,34.65478],[135.55941,34.65428],[135.55943,34.65364],[135.55943,34.65361],[135.5594,34.65304],[135.5594,34.65288],[135.56047,34.65284],[135.56051,34.65284],[135.56182,34.6528],[135.56196,34.65279],[135.56194,34.65201],[135.56194,34.65196],[135.56196,34.65178],[135.56204,34.65153],[135.56204,34.65152],[135.56204,34.6515],[135.56201,34.65108],[135.56195,34.65012],[135.56178,34.65013],[135.56076,34.6502],[135.56076,34.65011],[135.56077,34.65],[135.56077,34.64988],[135.56081,34.64903],[135.56086,34.64812],[135.56086,34.648],[135.56089,34.64757],[135.56101,34.64615],[135.56103,34.64571],[135.56104,34.64556],[135.56107,34.64495],[135.5611,34.64441],[135.5611,34.64438],[135.56111,34.64412],[135.56113,34.64371],[135.56114,34.64358],[135.56114,34.64355],[135.56102,34.64355],[135.56086,34.64354],[135.55877,34.64349],[135.55833,34.64347],[135.55768,34.64345],[135.55731,34.64345],[135.55729,34.64418],[135.55709,34.64417],[135.55583,34.64412],[135.55511,34.64409],[135.55451,34.64406],[135.55447,34.64406],[135.55407,34.64404],[135.55412,34.64317],[135.55412,34.64315],[135.55412,34.64312],[135.55414,34.64288],[135.55415,34.64254],[135.55415,34.6425],[135.55417,34.64208],[135.55417,34.64205],[135.55418,34.64167],[135.55419,34.64138],[135.55386,34.64136],[135.55388,34.64111],[135.55389,34.64098],[135.55395,34.64003],[135.55396,34.63982],[135.554,34.63914],[135.55402,34.63897],[135.55402,34.63892],[135.55406,34.63843],[135.55392,34.63842],[135.553,34.63835],[135.55304,34.63673],[135.55261,34.6367],[135.55259,34.63629],[135.55258,34.63619],[135.55258,34.63612],[135.55264,34.6356],[135.55293,34.6356],[135.55295,34.6354],[135.55303,34.63472],[135.5531,34.63465],[135.55312,34.63462],[135.55322,34.63461],[135.55328,34.6346],[135.5533,34.6346],[135.5534,34.6346],[135.55402,34.63459],[135.55408,34.63456],[135.55412,34.63446],[135.55416,34.6344],[135.55419,34.63433],[135.55423,34.63426],[135.55437,34.63364],[135.55437,34.63333],[135.55437,34.6333],[135.55394,34.63325],[135.55384,34.63324],[135.55369,34.63323],[135.553,34.63318],[135.55277,34.63317],[135.55254,34.63318],[135.55224,34.63324],[135.55196,34.63333],[135.55169,34.63342],[135.55128,34.63364],[135.55097,34.63385],[135.55057,34.63417],[135.55051,34.63421],[135.55002,34.6346],[135.55,34.63462],[135.54954,34.6351],[135.54948,34.63516],[135.54943,34.63522],[135.54911,34.63557],[135.54907,34.63562],[135.54873,34.6359],[135.54773,34.63639],[135.54772,34.63654],[135.54771,34.6366],[135.54771,34.63663],[135.54771,34.63668],[135.54769,34.63687],[135.54768,34.63697],[135.54706,34.63734],[135.54701,34.63737],[135.54685,34.63751],[135.54646,34.63785],[135.54596,34.63837],[135.54575,34.6382],[135.54556,34.63816],[135.54551,34.63815],[135.54538,34.63813],[135.54534,34.63812],[135.54518,34.63811],[135.54512,34.63811],[135.54511,34.63811],[135.54506,34.63811],[135.54488,34.63819],[135.54463,34.63856],[135.5446,34.63861],[135.54454,34.63874],[135.54454,34.63921],[135.54458,34.63935],[135.5447,34.63974],[135.54475,34.64022],[135.54474,34.64035],[135.54469,34.64045],[135.54167,34.64082]]]]}},{"type":"Feature","properties":{"code":"27117","name":"旭区"},"geometry":{"type":"MultiPolygon","coordinates":[[[[135.52903,34.73333],[135.52998,34.73321],[135.5317,34.73288],[135.53244,34.73274],[135.53318,34.73273],[135.53333,34.73274],[135.53539,34.73284],[135.53652,34.7329],[135.53684,34.73292],[135.53696,34.73292],[135.53927,34.7332],[135.5402,34.73333],[135.54132,34.73349],[135.54167,34.73356],[135.54275,34.73377],[135.54327,34.73388],[135.54366,34.73396],[135.54506,34.73425],[135.54675,34.73469],[135.54742,34.7349],[135.5476,34.73497],[135.5484,34.73527],[135.55,34.73597],[135.55031,34.73611],[135.55104,34.73652],[135.55126,34.73664],[135.55175,34.73692],[135.55305,34.73801],[135.55369,34.73867],[135.55427,34.73934],[135.55427,34.73935],[135.55468,34.74012],[135.55485,34.74078],[135.55495,34.74118],[135.55509,34.74167],[135.55562,34.74355],[135.556,34.74476],[135.55607,34.74498],[135.55631,34.74571],[135.55644,34.74608],[135.55659,34.74584],[135.55725,34.74507],[135.55731,34.745],[135.55775,34.74451],[135.55779,34.74448],[135.55802,34.74421],[135.55833,34.74386],[135.55838,34.74381],[135.55848,34.74369],[135.5587,34.74344],[135.55888,34.74323],[135.55889,34.74322],[135.55903,34.74306],[135.55919,34.74288],[135.55944,34.7426],[135.55953,34.7425],[135.55956,34.74247],[135.55968,34.74234],[135.55984,34.74208],[135.55986,34.74206],[135.55987,34.74205],[135.55997,34.74195],[135.56009,34.74176],[135.56012,34.74171],[135.56014,34.74167],[135.56017,34.74161],[135.56026,34.74146],[135.56034,34.74133],[135.56044,34.74117],[135.56075,34.74064],[135.56085,34.7405],[135.56094,34.74037],[135.561,34.74021],[135.56103,34.74],[135.56107,34.73966],[135.56104,34.73897],[135.56102,34.73878],[135.56101,34.73871],[135.561,34.73858],[135.56099,34.73847],[135.56094,34.73817],[135.56094,34.73813],[135.56076,34.73757],[135.56073,34.73749],[135.56071,34.7374],[135.56064,34.73726],[135.56057,34.73711],[135.56055,34.73707],[135.56044,34.73697],[135.56029,34.73683],[135.55957,34.73651],[135.55878,34.73615],[135.55856,34.73606],[135.55833,34.73596],[135.55827,34.73593],[135.55785,34.73575],[135.55776,34.73571],[135.55728,34.7355],[135.55716,34.73542],[135.55702,34.73528],[135.55673,34.73508],[135.5565,34.73493],[135.55618,34.73471],[135.55603,34.73462],[135.55598,34.7346],[135.55568,34.73443],[135.55527,34.7342],[135.55493,34.73402],[135.55482,34.73396],[135.55465,34.73384],[135.55453,34.73375],[135.55438,34.73365],[135.5542,34.73355],[135.55397,34.73342],[135.55382,34.73333],[135.5534,34.73309],[135.5535,34.73291],[135.55352,34.73287],[135.55352,34.73285],[135.55358,34.7327],[135.55438,34.73169],[135.55463,34.73139],[135.55466,34.73137],[135.55474,34.73127],[135.55475,34.73126],[135.55479,34.73121],[135.55491,34.73107],[135.55485,34.73097],[135.55484,34.73093],[135.55482,34.73089],[135.55475,34.73074],[135.55475,34.73063],[135.55476,34.73058],[135.55476,34.73055],[135.55477,34.73029],[135.55478,34.73008],[135.55481,34.72988],[135.55481,34.72959],[135.55481,34.72955],[135.5548,34.72946],[135.5548,34.72903],[135.55482,34.7285],[135.55482,34.72845],[135.55484,34.72812],[135.55484,34.728],[135.55485,34.72784],[135.55485,34.72774],[135.55486,34.72764],[135.55486,34.7276],[135.55487,34.72747],[135.55487,34.72743],[135.55488,34.72733],[135.55489,34.7268],[135.55489,34.72676],[135.55489,34.72674],[135.5549,34.72633],[135.55492,34.72624],[135.55492,34.72621],[135.55493,34.72617],[135.55499,34.7258],[135.55506,34.72514],[135.55508,34.725],[135.55509,34.72498],[135.55512,34.72481],[135.5554,34.7249],[135.5557,34.725],[135.55589,34.72506],[135.55595,34.72508],[135.55671,34.72532],[135.55676,34.72534],[135.55681,34.72536],[135.55713,34.72546],[135.55775,34.72558],[135.55781,34.7256],[135.55832,34.72576],[135.55833,34.72576],[135.5584,34.72576],[135.55846,34.72576],[135.5585,34.72576],[135.55888,34.72577],[135.55915,34.72575],[135.55957,34.72597],[135.55992,34.72617],[135.55999,34.72609],[135.56001,34.72607],[135.56018,34.72587],[135.56065,34.72559],[135.56071,34.72546],[135.56071,34.72528],[135.5608,34.72527],[135.56091,34.72526],[135.56102,34.72524],[135.56155,34.72517],[135.56163,34.72516],[135.56167,34.72516],[135.56171,34.72515],[135.56219,34.7251],[135.5624,34.72507],[135.56248,34.72506],[135.56266,34.72503],[135.56294,34.725],[135.56301,34.72499],[135.56316,34.72496],[135.56337,34.72491],[135.56364,34.72478],[135.56373,34.7247],[135.56376,34.72468],[135.56379,34.72465],[135.56388,34.72458],[135.56391,34.72455],[135.56405,34.72444],[135.56444,34.72407],[135.5647,34.72376],[135.56496,34.72321],[135.56505,34.72317],[135.56509,34.72314],[135.56513,34.72312],[135.56527,34.72305],[135.5653,34.72297],[135.5653,34.72294],[135.56531,34.72291],[135.56536,34.72275],[135.56554,34.72269],[135.56547,34.72239],[135.56546,34.72238],[135.56548,34.72225],[135.5655,34.7221],[135.56553,34.72187],[135.56553,34.72186],[135.56554,34.72182],[135.56555,34.72175],[135.56557,34.72154],[135.56585,34.72071],[135.56592,34.72034],[135.56604,34.72002],[135.56608,34.71997],[135.56615,34.71986],[135.56617,34.71983],[135.56622,34.71975],[135.56626,34.71969],[135.5663,34.71964],[135.56632,34.71961],[135.56637,34.71956],[135.56648,34.71943],[135.56655,34.71935],[135.56659,34.71931],[135.56667,34.71922],[135.56672,34.71915],[135.56675,34.71913],[135.56697,34.71893],[135.56703,34.71885],[135.56709,34.71877],[135.56726,34.71856],[135.56743,34.71825],[135.56763,34.71778],[135.56751,34.7177],[135.56729,34.71755],[135.56703,34.71738],[135.5668,34.71733],[135.56673,34.71732],[135.56667,34.7173],[135.5666,34.71729],[135.56627,34.71723],[135.56616,34.7172],[135.56611,34.71719],[135.56587,34.71721],[135.56575,34.71722],[135.56543,34.71725],[135.56487,34.71727],[135.56478,34.71727],[135.56468,34.71727],[135.56462,34.71728],[135.56451,34.71728],[135.56445,34.71728],[135.56435,34.71729],[135.56427,34.71729],[135.5641,34.7173],[135.56406,34.7173],[135.56386,34.71732],[135.56345,34.71735],[135.56342,34.71667],[135.56341,34.71649],[135.56341,34.71639],[135.5635,34.71612],[135.56341,34.71543],[135.56338,34.71523],[135.56335,34.71503],[135.56319,34.71502],[135.56301,34.71501],[135.56283,34.71501],[135.56228,34.71502],[135.56216,34.71502],[135.56211,34.71502],[135.56201,34.71502],[135.56193,34.71502],[135.56178,34.71503],[135.56173,34.71503],[135.56165,34.71503],[135.56157,34.71503],[135.56142,34.71503],[135.56125,34.71503],[135.56093,34.71503],[135.56076,34.71504],[135.56055,34.71504],[135.56035,34.71504],[135.56025,34.71504],[135.55979,34.71504],[135.55962,34.71504],[135.55943,34.71505],[135.55924,34.71505],[135.5591,34.71505],[135.55886,34.71505],[135.55852,34.71505],[135.55833,34.71505],[135.55792,34.71506],[135.55771,34.71506],[135.5573,34.71507],[135.55724,34.71507],[135.55687,34.71508],[135.55612,34.71509],[135.55599,34.7151],[135.55589,34.7151],[135.55575,34.7151],[135.55527,34.71511],[135.55466,34.71513],[135.55448,34.71513],[135.55445,34.71513],[135.55438,34.71513],[135.55301,34.7152],[135.55276,34.71521],[135.55156,34.71524],[135.55027,34.71526],[135.55014,34.71526],[135.5501,34.71527],[135.55,34.71527],[135.54911,34.71529],[135.54857,34.71531],[135.54844,34.71531],[135.5474,34.71534],[135.54729,34.71534],[135.54722,34.71534],[135.54717,34.71534],[135.54685,34.71534],[135.54644,34.71519],[135.5463,34.71514],[135.54505,34.71467],[135.5447,34.71454],[135.54465,34.71451],[135.54459,34.71449],[135.5437,34.71415],[135.54364,34.71411],[135.54356,34.71406],[135.54354,34.71405],[135.54325,34.71387],[135.54312,34.71376],[135.54266,34.71338],[135.54261,34.71334],[135.54259,34.71332],[135.54254,34.71327],[135.54223,34.71299],[135.54222,34.71298],[135.54219,34.71294],[135.54171,34.7124],[135.54168,34.71237],[135.54167,34.71235],[135.5412,34.71181],[135.54116,34.71177],[135.54085,34.71142],[135.54075,34.71155],[135.54069,34.71162],[135.54068,34.71163],[135.54051,34.71184],[135.54041,34.71196],[135.54035,34.71204],[135.54025,34.71219],[135.54021,34.71224],[135.53989,34.71271],[135.53987,34.71275],[135.53986,34.71275],[135.53984,34.71278],[135.5398,34.71283],[135.53957,34.71312],[135.53927,34.71349],[135.53921,34.71356],[135.53898,34.71384],[135.5388,34.71407],[135.53878,34.7141],[135.53875,34.71414],[135.53844,34.71451],[135.53842,34.71455],[135.53838,34.71459],[135.53819,34.71482],[135.53797,34.71508],[135.53768,34.71543],[135.53736,34.71581],[135.53733,34.71585],[135.53729,34.7159],[135.5372,34.71601],[135.53685,34.71642],[135.53682,34.71646],[135.53679,34.7165],[135.53665,34.71667],[135.53606,34.71737],[135.53602,34.71742],[135.53598,34.71746],[135.53587,34.71759],[135.53547,34.71809],[135.5352,34.71842],[135.53516,34.71846],[135.53513,34.7185],[135.53499,34.71866],[135.53491,34.71876],[135.53469,34.71903],[135.53443,34.71934],[135.53439,34.71937],[135.53437,34.71941],[135.53433,34.71945],[135.53429,34.71949],[135.53426,34.71954],[135.53417,34.71964],[135.53378,34.72013],[135.53375,34.72017],[135.53363,34.72033],[135.53357,34.72041],[135.53333,34.72061],[135.5332,34.72072],[135.53307,34.72083],[135.53297,34.72091],[135.53272,34.72127],[135.53266,34.72135],[135.53262,34.72141],[135.53246,34.72164],[135.53243,34.72169],[135.5321,34.72216],[135.53207,34.7222],[135.53205,34.72223],[135.53202,34.72227],[135.53184,34.72251],[135.53168,34.72273],[135.53162,34.72281],[135.53155,34.7229],[135.53138,34.72314],[135.53128,34.72327],[135.53116,34.72343],[135.53108,34.72359],[135.53092,34.72384],[135.53076,34.72417],[135.53048,34.72472],[135.53033,34.725],[135.52973,34.72606],[135.5296,34.72632],[135.52952,34.72652],[135.52948,34.72658],[135.5293,34.72692],[135.52918,34.72715],[135.52901,34.72747],[135.52874,34.72797],[135.52849,34.72837],[135.5284,34.72852],[135.52822,34.72882],[135.52818,34.72887],[135.52793,34.72947],[135.5279,34.72954],[135.52782,34.72969],[135.52776,34.7298],[135.52769,34.72994],[135.52759,34.73012],[135.52728,34.73071],[135.52716,34.73093],[135.52705,34.73113],[135.52661,34.73195],[135.52633,34.73245],[135.52624,34.73261],[135.5259,34.73333],[135.52586,34.73341],[135.52643,34.73349],[135.52714,34.73348],[135.52818,34.73341],[135.52872,34.73337],[135.52903,34.73333]]]]}},{"type":"Feature","properties":{"code":"27118","name":"城東区"},"geometry":{"type":"MultiPolygon","coordinates":[[[[135.56344,34.67936],[135.56344,34.67923],[135.56346,34.67869],[135.56346,34.67864],[135.56346,34.67863],[135.56345,34.67855],[135.56344,34.67841],[135.56343,34.67838],[135.56342,34.6782],[135.56342,34.67819],[135.56341,34.67814],[135.5634,34.67802],[135.56321,34.67805],[135.56246,34.67817],[135.56209,34.67824],[135.56192,34.67824],[135.56178,34.67826],[135.56161,34.67829],[135.56157,34.67829],[135.56097,34.67837],[135.56078,34.67839],[135.56054,34.67842],[135.56036,34.67843],[135.56018,34.67845],[135.56014,34.67845],[135.5601,34.67846],[135.55991,34.67848],[135.55866,34.67865],[135.55863,34.67865],[135.55856,34.67866],[135.55833,34.67869],[135.55818,34.67871],[135.55802,34.6788],[135.5575,34.67909],[135.55747,34.67911],[135.55704,34.67935],[135.55637,34.67972],[135.55612,34.67982],[135.55606,34.67985],[135.55601,34.67987],[135.55572,34.67998],[135.55493,34.68024],[135.55485,34.68027],[135.55417,34.6805],[135.55373,34.68064],[135.55369,34.68066],[135.55365,34.68067],[135.55358,34.68069],[135.55355,34.68069],[135.55343,34.68071],[135.55336,34.68071],[135.55299,34.68075],[135.55285,34.68077],[135.55281,34.68077],[135.55276,34.68077],[135.5514,34.68091],[135.55136,34.68092],[135.55123,34.68093],[135.55095,34.681],[135.55066,34.68107],[135.55058,34.68108],[135.55,34.68114],[135.54955,34.68119],[135.54951,34.68119],[135.54947,34.68119],[135.54904,34.68124],[135.54786,34.68138],[135.54778,34.68139],[135.54668,34.68152],[135.54537,34.68168],[135.54534,34.68169],[135.54528,34.68169],[135.54481,34.68175],[135.54467,34.68177],[135.54384,34.68187],[135.54342,34.6819],[135.5429,34.68199],[135.54284,34.682],[135.54175,34.68218],[135.54167,34.68222],[135.54154,34.68227],[135.5415,34.68229],[135.54139,34.68234],[135.5405,34.68317],[135.54042,34.68324],[135.54032,34.68329],[135.54018,34.68328],[135.54011,34.68328],[135.5401,34.68324],[135.54007,34.68255],[135.54007,34.68252],[135.54009,34.68239],[135.54012,34.68224],[135.54013,34.68211],[135.54038,34.6816],[135.54027,34.68161],[135.54016,34.68162],[135.53988,34.68165],[135.53925,34.68169],[135.53916,34.68169],[135.53901,34.6817],[135.53889,34.68171],[135.53839,34.68171],[135.5383,34.68171],[135.53817,34.68171],[135.53807,34.68171],[135.53787,34.68171],[135.53763,34.68171],[135.53738,34.68171],[135.53663,34.68171],[135.53659,34.68171],[135.53651,34.68172],[135.53604,34.68172],[135.53585,34.68172],[135.53568,34.68172],[135.5355,34.68173],[135.53514,34.68173],[135.53425,34.68174],[135.53425,34.68198],[135.53427,34.68264],[135.53429,34.68325],[135.5343,34.68333],[135.53431,34.6834],[135.53443,34.6856],[135.53447,34.68672],[135.53457,34.68763],[135.53464,34.68814],[135.53476,34.68827],[135.53491,34.68844],[135.53499,34.68905],[135.5351,34.68958],[135.53513,34.68973],[135.53516,34.68978],[135.53529,34.69],[135.53534,34.69008],[135.5359,34.69093],[135.53589,34.69123],[135.53589,34.69126],[135.53589,34.69143],[135.53585,34.69167],[135.53583,34.6918],[135.5358,34.69203],[135.53578,34.69296],[135.53577,34.6931],[135.53577,34.69315],[135.5357,34.6935],[135.5356,34.69375],[135.53551,34.69396],[135.53545,34.6941],[135.53542,34.69418],[135.53538,34.69428],[135.53499,34.69511],[135.53491,34.69528],[135.53484,34.69543],[135.53482,34.69547],[135.53472,34.69566],[135.53471,34.69569],[135.53463,34.69585],[135.53441,34.6963],[135.53421,34.6967],[135.53449,34.69676],[135.53472,34.69681],[135.53478,34.69681],[135.53493,34.6968],[135.53551,34.69685],[135.53556,34.69701],[135.53557,34.69706],[135.53561,34.69721],[135.53563,34.69729],[135.53592,34.69829],[135.536,34.69856],[135.53611,34.69895],[135.53613,34.69901],[135.5362,34.69926],[135.53622,34.69935],[135.53626,34.6995],[135.53629,34.69958],[135.53637,34.69988],[135.53639,34.69993],[135.5364,34.69996],[135.53641,34.7],[135.53644,34.70011],[135.5366,34.70077],[135.53661,34.70081],[135.53668,34.70111],[135.53675,34.70152],[135.5368,34.70188],[135.53683,34.70204],[135.53684,34.70228],[135.53684,34.70231],[135.53684,34.70245],[135.53682,34.70275],[135.5367,34.7031],[135.53659,34.70343],[135.53658,34.70346],[135.53657,34.70349],[135.53653,34.70361],[135.53659,34.70369],[135.53662,34.70374],[135.53671,34.70386],[135.53673,34.70433],[135.53673,34.70436],[135.53673,34.7044],[135.53675,34.70484],[135.53675,34.70497],[135.53675,34.70499],[135.53678,34.70567],[135.53672,34.70575],[135.5367,34.70578],[135.53655,34.70598],[135.53623,34.70625],[135.53622,34.70639],[135.53628,34.70696],[135.53629,34.70702],[135.53638,34.7079],[135.53639,34.70797],[135.5364,34.70805],[135.53637,34.70808],[135.53635,34.70811],[135.5363,34.70817],[135.53617,34.70833],[135.53653,34.70833],[135.53659,34.70833],[135.53737,34.70833],[135.5374,34.70833],[135.53784,34.70832],[135.53785,34.70833],[135.53793,34.70841],[135.538,34.70848],[135.53828,34.70874],[135.53884,34.70928],[135.5389,34.70934],[135.53985,34.71035],[135.53989,34.71039],[135.53994,34.71044],[135.54026,34.71079],[135.54065,34.7112],[135.54085,34.71142],[135.54116,34.71177],[135.5412,34.71181],[135.54167,34.71235],[135.54168,34.71237],[135.54171,34.7124],[135.54219,34.71294],[135.54222,34.71298],[135.54223,34.71299],[135.54254,34.71327],[135.54259,34.71332],[135.54261,34.71334],[135.54266,34.71338],[135.54312,34.71376],[135.54325,34.71387],[135.54354,34.71405],[135.54356,34.71406],[135.54364,34.71411],[135.5437,34.71415],[135.54459,34.71449],[135.54465,34.71451],[135.5447,34.71454],[135.54505,34.71467],[135.5463,34.71514],[135.54644,34.71519],[135.54685,34.71534],[135.54717,34.71534],[135.54722,34.71534],[135.54729,34.71534],[135.5474,34.71534],[135.54844,34.71531],[135.54857,34.71531],[135.54911,34.71529],[135.55,34.71527],[135.5501,34.71527],[135.55014,34.71526],[135.55027,34.71526],[135.55156,34.71524],[135.55276,34.71521],[135.55301,34.7152],[135.55438,34.71513],[135.55445,34.71513],[135.55448,34.71513],[135.55466,34.71513],[135.55527,34.71511],[135.55575,34.7151],[135.55589,34.7151],[135.55599,34.7151],[135.55612,34.71509],[135.55687,34.71508],[135.55724,34.71507],[135.5573,34.71507],[135.55771,34.71506],[135.55792,34.71506],[135.55833,34.71505],[135.55852,34.71505],[135.55886,34.71505],[135.5591,34.71505],[135.55924,34.71505],[135.55943,34.71505],[135.55962,34.71504],[135.55979,34.71504],[135.56025,34.71504],[135.56031,34.71496],[135.56031,34.71486],[135.56031,34.71466],[135.56031,34.71463],[135.56031,34.71457],[135.5603,34.71437],[135.5603,34.71416],[135.56028,34.71366],[135.56028,34.71362],[135.56026,34.71281],[135.56026,34.71275],[135.56026,34.71269],[135.56024,34.71223],[135.56024,34.71206],[135.56017,34.71091],[135.56017,34.71088],[135.56017,34.71084],[135.56016,34.71073],[135.56015,34.7106],[135.5601,34.70906],[135.56009,34.70884],[135.56007,34.70833],[135.56004,34.7076],[135.56004,34.70752],[135.56002,34.70705],[135.56001,34.70679],[135.56,34.70654],[135.55997,34.70607],[135.55997,34.70588],[135.55995,34.70546],[135.55995,34.70531],[135.55995,34.70528],[135.55995,34.70522],[135.55995,34.70514],[135.55994,34.70485],[135.55994,34.70478],[135.55993,34.70465],[135.55993,34.70458],[135.55993,34.70444],[135.55992,34.70434],[135.55991,34.70402],[135.5599,34.70346],[135.5599,34.70339],[135.55989,34.70325],[135.55989,34.70315],[135.55988,34.70297],[135.55988,34.70294],[135.55988,34.70285],[135.55986,34.7026],[135.55984,34.70196],[135.55982,34.70162],[135.5598,34.70122],[135.55979,34.70099],[135.55976,34.7002],[135.55975,34.7],[135.55975,34.69996],[135.55974,34.69984],[135.55974,34.69973],[135.55974,34.6997],[135.55973,34.69958],[135.55972,34.69937],[135.55967,34.69866],[135.55965,34.69834],[135.55958,34.69738],[135.55958,34.69734],[135.55956,34.69708],[135.55956,34.697],[135.55952,34.69618],[135.55952,34.69614],[135.55951,34.69589],[135.5595,34.69576],[135.5595,34.69568],[135.55948,34.69544],[135.5594,34.69459],[135.55934,34.69387],[135.55933,34.69378],[135.55933,34.69371],[135.55932,34.69309],[135.55931,34.69297],[135.55928,34.69239],[135.55926,34.6921],[135.55925,34.69191],[135.55924,34.69185],[135.55923,34.69169],[135.55923,34.69167],[135.55918,34.69101],[135.55915,34.69081],[135.55911,34.69062],[135.55898,34.68999],[135.55893,34.68906],[135.55893,34.68901],[135.55891,34.68865],[135.55891,34.68853],[135.55886,34.68779],[135.55886,34.68769],[135.55907,34.68765],[135.55932,34.6876],[135.55981,34.68753],[135.56054,34.68742],[135.56165,34.68728],[135.56322,34.6871],[135.56367,34.68705],[135.56394,34.68706],[135.56403,34.68707],[135.56417,34.6871],[135.56442,34.6872],[135.56451,34.68728],[135.56457,34.68734],[135.56461,34.68738],[135.56479,34.68755],[135.56493,34.68768],[135.56494,34.6877],[135.56513,34.68776],[135.56515,34.68776],[135.56528,34.68777],[135.5654,34.68778],[135.56544,34.68779],[135.56548,34.68778],[135.56564,34.68775],[135.56556,34.68766],[135.56552,34.68761],[135.56513,34.68716],[135.56507,34.68708],[135.56504,34.68706],[135.56502,34.68703],[135.56485,34.68682],[135.56483,34.68679],[135.5648,34.68676],[135.5647,34.68664],[135.5647,34.68653],[135.56469,34.68644],[135.56469,34.6864],[135.56469,34.6863],[135.56485,34.68629],[135.56457,34.68585],[135.56457,34.68576],[135.56457,34.6857],[135.56456,34.68568],[135.56457,34.68556],[135.56458,34.68548],[135.5646,34.68524],[135.56458,34.68521],[135.56457,34.68519],[135.56451,34.6851],[135.56448,34.68503],[135.56442,34.68485],[135.56438,34.68473],[135.56426,34.68451],[135.56426,34.68445],[135.56426,34.68438],[135.56426,34.68435],[135.56426,34.68425],[135.56448,34.68394],[135.56451,34.68388],[135.56459,34.68371],[135.5646,34.68357],[135.56463,34.68341],[135.56464,34.68333],[135.56464,34.68328],[135.56459,34.68313],[135.56446,34.68297],[135.56438,34.68287],[135.56419,34.68264],[135.56399,34.68238],[135.56385,34.6822],[135.56385,34.68179],[135.56379,34.68151],[135.56375,34.68136],[135.56364,34.68092],[135.5636,34.68074],[135.56357,34.6806],[135.56355,34.68051],[135.56351,34.68026],[135.5635,34.68019],[135.56349,34.68007],[135.56348,34.67999],[135.56347,34.67993],[135.56346,34.67985],[135.56345,34.67977],[135.56344,34.6797],[135.56344,34.67936]]]]}},{"type":"Feature","properties":{"code":"27119","name":"阿倍野区"},"geometry":{"type":"MultiPolygon","coordinates":[[[[135.49719,34.62404],[135.49713,34.62403],[135.49703,34.62401],[135.49697,34.624],[135.49694,34.624],[135.49687,34.62396],[135.49685,34.62395],[135.49674,34.6239],[135.49636,34.62372],[135.49635,34.62374],[135.49588,34.62425],[135.49582,34.62433],[135.49597,34.62472],[135.49599,34.62485],[135.496,34.62488],[135.49601,34.62494],[135.49602,34.62498],[135.49602,34.625],[135.49605,34.62513],[135.49613,34.62547],[135.49626,34.62551],[135.49656,34.62561],[135.49675,34.62567],[135.49681,34.62569],[135.49687,34.62571],[135.49697,34.62598],[135.49719,34.62601],[135.49728,34.62624],[135.4973,34.62629],[135.49731,34.62634],[135.49743,34.62665],[135.49749,34.62682],[135.49777,34.62757],[135.49778,34.62765],[135.49779,34.62777],[135.4978,34.62787],[135.49781,34.62797],[135.49787,34.62813],[135.49812,34.62846],[135.49814,34.6285],[135.49828,34.62868],[135.49829,34.6287],[135.49851,34.62894],[135.49862,34.6292],[135.4987,34.62927],[135.49879,34.62934],[135.49897,34.62941],[135.49918,34.62965],[135.49923,34.62971],[135.49942,34.6299],[135.49962,34.62995],[135.49978,34.63002],[135.49988,34.63016],[135.4999,34.63021],[135.49993,34.63029],[135.49994,34.63033],[135.49995,34.63038],[135.5,34.63052],[135.5002,34.63114],[135.50022,34.63119],[135.50023,34.63123],[135.50044,34.63183],[135.50069,34.63241],[135.5008,34.63253],[135.5009,34.63259],[135.50094,34.63261],[135.50095,34.63262],[135.501,34.63265],[135.50107,34.63269],[135.50115,34.63279],[135.50119,34.63299],[135.50132,34.63325],[135.50136,34.63333],[135.50149,34.63364],[135.50164,34.63396],[135.502,34.63474],[135.5021,34.63495],[135.50218,34.63507],[135.50224,34.63517],[135.5024,34.6354],[135.50244,34.63547],[135.50284,34.63599],[135.50317,34.63625],[135.50321,34.63628],[135.50333,34.63638],[135.50347,34.63669],[135.50365,34.63713],[135.50366,34.63718],[135.50367,34.63721],[135.50368,34.63725],[135.50371,34.63735],[135.50379,34.63754],[135.50414,34.63827],[135.50438,34.6387],[135.50463,34.63918],[135.50474,34.63938],[135.50478,34.63946],[135.5051,34.64005],[135.50513,34.6401],[135.50515,34.64015],[135.5055,34.64079],[135.50565,34.64098],[135.5057,34.64105],[135.50594,34.64167],[135.50594,34.64168],[135.50598,34.64177],[135.50604,34.64193],[135.50609,34.64206],[135.50609,34.64208],[135.50611,34.64214],[135.50611,34.64215],[135.50617,34.64239],[135.50623,34.64262],[135.50634,34.64285],[135.50638,34.64291],[135.5064,34.64294],[135.50644,34.64299],[135.50667,34.6433],[135.50678,34.64353],[135.50674,34.64415],[135.50673,34.64421],[135.50672,34.64432],[135.50718,34.64444],[135.50721,34.64472],[135.50723,34.6448],[135.50725,34.64483],[135.50726,34.64486],[135.50737,34.64517],[135.50757,34.64567],[135.50759,34.64571],[135.50781,34.64623],[135.50786,34.64636],[135.50787,34.64639],[135.50789,34.64644],[135.50795,34.6466],[135.50813,34.64705],[135.50833,34.64754],[135.50836,34.6476],[135.50857,34.64755],[135.50934,34.64735],[135.50988,34.64721],[135.51057,34.64702],[135.5113,34.64683],[135.51157,34.64676],[135.51268,34.64648],[135.51301,34.64639],[135.51303,34.64638],[135.51304,34.64638],[135.51316,34.64635],[135.51393,34.64616],[135.51487,34.64595],[135.51492,34.64593],[135.51499,34.64592],[135.51542,34.64582],[135.5155,34.6458],[135.51602,34.64568],[135.51633,34.64561],[135.51642,34.64558],[135.51667,34.64553],[135.51737,34.64536],[135.51816,34.64517],[135.51826,34.64515],[135.51834,34.64513],[135.51871,34.64523],[135.51894,34.64529],[135.51896,34.6453],[135.51924,34.64538],[135.51945,34.64543],[135.51946,34.64543],[135.51963,34.64548],[135.52,34.64558],[135.5207,34.64576],[135.52083,34.64579],[135.52108,34.64586],[135.52145,34.64596],[135.52187,34.6462],[135.52199,34.64627],[135.5225,34.6466],[135.52273,34.64678],[135.52278,34.64681],[135.52301,34.647],[135.52305,34.64703],[135.52312,34.64708],[135.52329,34.64721],[135.52373,34.64752],[135.5239,34.6477],[135.52409,34.64791],[135.52434,34.64822],[135.5244,34.64829],[135.52445,34.64835],[135.52453,34.64846],[135.525,34.64806],[135.52565,34.6475],[135.52571,34.64745],[135.52653,34.64675],[135.52654,34.64674],[135.52674,34.64657],[135.5277,34.64582],[135.52775,34.64578],[135.52781,34.64574],[135.52847,34.64522],[135.52869,34.64505],[135.52922,34.64465],[135.52941,34.64451],[135.52948,34.64446],[135.52937,34.64424],[135.52936,34.64422],[135.52908,34.64364],[135.52906,34.6436],[135.5288,34.64308],[135.52846,34.64243],[135.52845,34.6424],[135.52843,34.64237],[135.52837,34.64226],[135.5283,34.64217],[135.52811,34.64194],[135.52797,34.64176],[135.52794,34.6417],[135.52792,34.64167],[135.52778,34.64139],[135.52766,34.64118],[135.52758,34.641],[135.52756,34.64097],[135.52709,34.64003],[135.5269,34.63965],[135.52689,34.63962],[135.52672,34.63928],[135.52661,34.63907],[135.52659,34.63902],[135.52624,34.6383],[135.52615,34.63812],[135.52601,34.63782],[135.52597,34.63775],[135.52592,34.63764],[135.52581,34.63733],[135.52575,34.63717],[135.5257,34.63719],[135.52566,34.6372],[135.52561,34.63721],[135.52513,34.63732],[135.5251,34.63732],[135.52506,34.63733],[135.525,34.63735],[135.52421,34.63753],[135.52418,34.63662],[135.52418,34.6366],[135.52418,34.63654],[135.52417,34.63628],[135.52416,34.63571],[135.52416,34.63567],[135.52416,34.63559],[135.52415,34.63487],[135.52414,34.63479],[135.52414,34.63421],[135.52413,34.63413],[135.52413,34.63373],[135.52411,34.63333],[135.5241,34.6331],[135.5241,34.63305],[135.5241,34.63302],[135.5241,34.63291],[135.52409,34.63289],[135.52408,34.63246],[135.52407,34.63243],[135.52404,34.63221],[135.52403,34.63216],[135.52398,34.63184],[135.52393,34.63169],[135.52389,34.63161],[135.52385,34.63149],[135.52362,34.63088],[135.5236,34.63084],[135.52358,34.6308],[135.52355,34.6307],[135.52353,34.63065],[135.52345,34.63045],[135.52344,34.63043],[135.52334,34.63017],[135.52334,34.63016],[135.5233,34.63005],[135.52292,34.6292],[135.5229,34.62916],[135.52254,34.62835],[135.52253,34.62832],[135.52248,34.62823],[135.52234,34.6279],[135.52231,34.62783],[135.52199,34.62713],[135.52196,34.62705],[135.52166,34.62638],[135.52153,34.62606],[135.52151,34.62602],[135.5215,34.62599],[135.52112,34.62509],[135.52106,34.625],[135.52105,34.62498],[135.52097,34.62486],[135.52092,34.62479],[135.52075,34.62453],[135.52066,34.62436],[135.52032,34.6237],[135.5203,34.62366],[135.52028,34.62361],[135.51985,34.62279],[135.51982,34.62273],[135.5198,34.6227],[135.51978,34.62265],[135.51905,34.62123],[135.51898,34.62111],[135.51893,34.62098],[135.5188,34.62073],[135.51855,34.62023],[135.51828,34.61969],[135.51802,34.61919],[135.51784,34.6189],[135.51758,34.61846],[135.51667,34.61692],[135.51652,34.61667],[135.51624,34.61621],[135.51619,34.61613],[135.51596,34.61614],[135.51557,34.61617],[135.51511,34.61619],[135.51453,34.61623],[135.51452,34.61623],[135.51429,34.61625],[135.51377,34.61629],[135.51371,34.6163],[135.5133,34.61633],[135.5132,34.61633],[135.51314,34.61634],[135.51205,34.61642],[135.51196,34.61643],[135.51187,34.61644],[135.51184,34.61644],[135.51123,34.61649],[135.51063,34.61654],[135.51049,34.61655],[135.50993,34.6166],[135.50986,34.61661],[135.50982,34.61661],[135.50899,34.61667],[135.5087,34.61669],[135.5087,34.61676],[135.50871,34.61685],[135.50872,34.61695],[135.50873,34.61733],[135.50875,34.61785],[135.50875,34.61792],[135.50876,34.61821],[135.50876,34.61826],[135.50877,34.61861],[135.50877,34.61903],[135.50857,34.61931],[135.50873,34.62047],[135.50875,34.62061],[135.50876,34.62066],[135.50884,34.62127],[135.50885,34.62132],[135.50885,34.62135],[135.50894,34.62197],[135.50896,34.62209],[135.50899,34.62231],[135.50895,34.62235],[135.50881,34.62236],[135.50878,34.62236],[135.50873,34.62236],[135.50863,34.62237],[135.50833,34.6224],[135.50759,34.62247],[135.5075,34.6225],[135.50748,34.62251],[135.50737,34.62255],[135.50649,34.62284],[135.50645,34.62285],[135.50641,34.62286],[135.50521,34.62326],[135.50518,34.62327],[135.50514,34.62328],[135.50505,34.62331],[135.5042,34.62356],[135.50415,34.62358],[135.50303,34.6239],[135.50302,34.62391],[135.50233,34.62411],[135.50227,34.62413],[135.50223,34.62414],[135.50147,34.62436],[135.50103,34.62448],[135.50098,34.6245],[135.50093,34.62451],[135.50077,34.62455],[135.5,34.62479],[135.4998,34.62485],[135.49975,34.62487],[135.49973,34.62487],[135.49949,34.62491],[135.49924,34.62489],[135.4991,34.62486],[135.49904,34.62484],[135.49874,34.62476],[135.49842,34.62464],[135.49834,34.6246],[135.498,34.62447],[135.49789,34.62441],[135.49781,34.62437],[135.49769,34.62431],[135.49745,34.62418],[135.4974,34.62415],[135.49719,34.62404]]]]}},{"type":"Feature","properties":{"code":"27120","name":"住吉区"},"geometry":{"type":"MultiPolygon","coordinates":[[[[135.48696,34.59601],[135.48697,34.59605],[135.48698,34.59606],[135.48702,34.59617],[135.48722,34.59674],[135.48729,34.59695],[135.48739,34.59721],[135.48739,34.59723],[135.48741,34.59727],[135.48767,34.59802],[135.48769,34.59806],[135.48772,34.59815],[135.48775,34.59824],[135.48793,34.59871],[135.48809,34.59912],[135.48811,34.59918],[135.48823,34.59948],[135.48824,34.59952],[135.48825,34.59955],[135.48839,34.59992],[135.48842,34.6],[135.48844,34.60007],[135.48846,34.60013],[135.48847,34.60018],[135.48855,34.60042],[135.48857,34.60048],[135.48859,34.60055],[135.48864,34.60071],[135.48866,34.60076],[135.48867,34.6008],[135.48877,34.60111],[135.489,34.60199],[135.48937,34.60348],[135.48938,34.60353],[135.4894,34.60358],[135.48952,34.60405],[135.48969,34.60478],[135.48973,34.60498],[135.48978,34.60519],[135.48985,34.6055],[135.48986,34.60553],[135.49006,34.6064],[135.49008,34.60645],[135.49009,34.6065],[135.4901,34.60654],[135.49039,34.60762],[135.49041,34.60769],[135.49059,34.60833],[135.49068,34.60869],[135.49069,34.60871],[135.49069,34.60873],[135.4907,34.60877],[135.4908,34.60918],[135.49082,34.60926],[135.49085,34.60942],[135.49094,34.60974],[135.49099,34.60992],[135.49084,34.60995],[135.49057,34.61],[135.49053,34.61001],[135.49047,34.61002],[135.49018,34.61008],[135.49005,34.61012],[135.49,34.61013],[135.48996,34.61015],[135.48979,34.6102],[135.48977,34.61021],[135.48932,34.61032],[135.48928,34.61033],[135.48933,34.61052],[135.48937,34.61066],[135.48938,34.6107],[135.48945,34.61094],[135.48953,34.6112],[135.48953,34.61121],[135.48956,34.6113],[135.48958,34.61138],[135.48966,34.6117],[135.48982,34.61227],[135.48983,34.61231],[135.48986,34.61239],[135.48994,34.61257],[135.49012,34.61302],[135.49016,34.61312],[135.49023,34.61336],[135.49028,34.61364],[135.49033,34.61381],[135.49045,34.61428],[135.49055,34.61461],[135.49087,34.61571],[135.49091,34.6159],[135.49097,34.61615],[135.49109,34.61667],[135.49112,34.6168],[135.4912,34.61703],[135.49129,34.61734],[135.4913,34.61761],[135.49128,34.61785],[135.4913,34.61808],[135.49137,34.61835],[135.49139,34.6184],[135.49139,34.61843],[135.49147,34.61872],[135.49152,34.61886],[135.49153,34.61889],[135.49162,34.61918],[135.49166,34.61932],[135.49167,34.61932],[135.49167,34.61934],[135.49169,34.61939],[135.49175,34.61961],[135.49179,34.61976],[135.4918,34.6198],[135.49181,34.61984],[135.49184,34.61994],[135.49187,34.62005],[135.49204,34.62072],[135.49219,34.62127],[135.49222,34.62137],[135.49223,34.6214],[135.49224,34.62144],[135.49225,34.62146],[135.49252,34.6224],[135.49254,34.62248],[135.49259,34.62265],[135.49279,34.62327],[135.49279,34.62328],[135.49284,34.62345],[135.49308,34.62343],[135.4935,34.6234],[135.49377,34.62338],[135.49425,34.62331],[135.49451,34.62331],[135.49452,34.62331],[135.49471,34.62332],[135.49498,34.62339],[135.49513,34.62346],[135.4953,34.6235],[135.4957,34.62353],[135.49583,34.62354],[135.49607,34.62355],[135.49636,34.62372],[135.49674,34.6239],[135.49685,34.62395],[135.49687,34.62396],[135.49694,34.624],[135.49697,34.624],[135.49703,34.62401],[135.49713,34.62403],[135.49719,34.62404],[135.4974,34.62415],[135.49745,34.62418],[135.49769,34.62431],[135.49781,34.62437],[135.49789,34.62441],[135.498,34.62447],[135.49834,34.6246],[135.49842,34.62464],[135.49874,34.62476],[135.49904,34.62484],[135.4991,34.62486],[135.49924,34.62489],[135.49949,34.62491],[135.49973,34.62487],[135.49975,34.62487],[135.4998,34.62485],[135.5,34.62479],[135.50077,34.62455],[135.50093,34.62451],[135.50098,34.6245],[135.50103,34.62448],[135.50147,34.62436],[135.50223,34.62414],[135.50227,34.62413],[135.50233,34.62411],[135.50302,34.62391],[135.50303,34.6239],[135.50415,34.62358],[135.5042,34.62356],[135.50505,34.62331],[135.50514,34.62328],[135.50518,34.62327],[135.50521,34.62326],[135.50641,34.62286],[135.50645,34.62285],[135.50649,34.62284],[135.50737,34.62255],[135.50748,34.62251],[135.5075,34.6225],[135.50759,34.62247],[135.50833,34.6224],[135.50863,34.62237],[135.50873,34.62236],[135.50878,34.62236],[135.50881,34.62236],[135.50895,34.62235],[135.50899,34.62231],[135.50896,34.62209],[135.50894,34.62197],[135.50885,34.62135],[135.50885,34.62132],[135.50884,34.62127],[135.50876,34.62066],[135.50875,34.62061],[135.50873,34.62047],[135.50857,34.61931],[135.50877,34.61903],[135.50877,34.61861],[135.50876,34.61826],[135.50876,34.61821],[135.50875,34.61792],[135.50875,34.61785],[135.50873,34.61733],[135.50872,34.61695],[135.50871,34.61685],[135.5087,34.61676],[135.5087,34.61669],[135.50899,34.61667],[135.50982,34.61661],[135.50986,34.61661],[135.50993,34.6166],[135.51049,34.61655],[135.51063,34.61654],[135.51123,34.61649],[135.51184,34.61644],[135.51187,34.61644],[135.51196,34.61643],[135.51205,34.61642],[135.51314,34.61634],[135.5132,34.61633],[135.5133,34.61633],[135.51371,34.6163],[135.51377,34.61629],[135.51429,34.61625],[135.51452,34.61623],[135.51453,34.61623],[135.51511,34.61619],[135.51557,34.61617],[135.51596,34.61614],[135.51619,34.61613],[135.51558,34.61513],[135.51522,34.61456],[135.51479,34.61388],[135.5144,34.61325],[135.51439,34.61315],[135.51434,34.61268],[135.51424,34.6117],[135.51421,34.61139],[135.51403,34.60989],[135.51402,34.60974],[135.51399,34.60953],[135.51421,34.60952],[135.51434,34.60951],[135.51435,34.60951],[135.51469,34.60951],[135.51667,34.6095],[135.51937,34.60949],[135.52042,34.60949],[135.52364,34.60947],[135.52365,34.6093],[135.52365,34.60918],[135.52367,34.60857],[135.52327,34.60854],[135.52291,34.60853],[135.52291,34.60833],[135.52291,34.60819],[135.52291,34.60814],[135.5229,34.60795],[135.52294,34.60782],[135.52304,34.60766],[135.52305,34.6074],[135.52293,34.60715],[135.5228,34.60704],[135.5228,34.60678],[135.52278,34.60601],[135.52249,34.60566],[135.52241,34.60556],[135.52241,34.60543],[135.52243,34.60492],[135.52245,34.60424],[135.52273,34.60423],[135.52274,34.60411],[135.52274,34.60404],[135.52279,34.6032],[135.52279,34.60316],[135.5228,34.60307],[135.5228,34.60301],[135.52281,34.60235],[135.52281,34.60214],[135.52284,34.60138],[135.52285,34.60128],[135.5229,34.60102],[135.52293,34.60076],[135.52294,34.60065],[135.52294,34.6],[135.52295,34.59946],[135.52295,34.59941],[135.52293,34.59887],[135.52288,34.59847],[135.52287,34.59842],[135.52285,34.59826],[135.52281,34.59811],[135.52272,34.59781],[135.52271,34.59777],[135.52264,34.59757],[135.52259,34.5974],[135.52254,34.59713],[135.52254,34.597],[135.52251,34.59611],[135.52251,34.59574],[135.52251,34.59534],[135.5225,34.59507],[135.5225,34.59457],[135.52199,34.59434],[135.52119,34.59396],[135.51952,34.59325],[135.51885,34.59297],[135.51853,34.59279],[135.51842,34.59272],[135.51805,34.5925],[135.51758,34.59216],[135.51687,34.59167],[135.51667,34.59152],[135.51665,34.59151],[135.51612,34.59122],[135.51523,34.59078],[135.51509,34.59071],[135.51479,34.59058],[135.51478,34.59058],[135.51416,34.59031],[135.5138,34.59018],[135.51313,34.58999],[135.51268,34.58974],[135.51257,34.58968],[135.51162,34.5892],[135.5108,34.58888],[135.50999,34.58857],[135.50884,34.58809],[135.50833,34.5879],[135.50808,34.5878],[135.50781,34.58769],[135.50732,34.5874],[135.50667,34.58694],[135.50631,34.58676],[135.50588,34.5866],[135.50515,34.58643],[135.50445,34.5863],[135.50408,34.58623],[135.50333,34.58615],[135.50287,34.58616],[135.50278,34.58616],[135.50256,34.58616],[135.50223,34.58617],[135.50185,34.58629],[135.50162,34.58635],[135.50143,34.5864],[135.50123,34.58648],[135.50111,34.58655],[135.50105,34.5866],[135.50081,34.58677],[135.50037,34.58703],[135.50036,34.58704],[135.50009,34.58723],[135.5,34.58732],[135.49977,34.58756],[135.49948,34.58788],[135.49935,34.58802],[135.49902,34.58849],[135.49877,34.58884],[135.4986,34.58917],[135.4985,34.58941],[135.49836,34.58985],[135.4983,34.59003],[135.49809,34.59075],[135.49778,34.59167],[135.49773,34.5918],[135.49771,34.59186],[135.49767,34.59199],[135.49747,34.59247],[135.49739,34.59266],[135.49729,34.59279],[135.49719,34.59292],[135.49709,34.59301],[135.49669,34.59336],[135.49637,34.59361],[135.49634,34.59363],[135.49622,34.59372],[135.49614,34.59378],[135.49608,34.59382],[135.49582,34.59399],[135.49525,34.59431],[135.49449,34.59461],[135.49444,34.59463],[135.49431,34.59466],[135.49429,34.59466],[135.49394,34.59474],[135.49366,34.59478],[135.49338,34.59481],[135.49336,34.59482],[135.4925,34.59493],[135.4919,34.59504],[135.49172,34.59508],[135.49167,34.59509],[135.49094,34.59526],[135.48993,34.59548],[135.48966,34.59554],[135.48877,34.59569],[135.48852,34.59574],[135.48721,34.59597],[135.48696,34.59601]]]]}},{"type":"Feature","properties":{"code":"27121","name":"東住吉区"},"geometry":{"type":"MultiPolygon","coordinates":[[[[135.5144,34.61325],[135.51479,34.61388],[135.51522,34.61456],[135.51558,34.61513],[135.51619,34.61613],[135.51624,34.61621],[135.51652,34.61667],[135.51667,34.61692],[135.51758,34.61846],[135.51784,34.6189],[135.51802,34.61919],[135.51828,34.61969],[135.51855,34.62023],[135.5188,34.62073],[135.51893,34.62098],[135.51898,34.62111],[135.51905,34.62123],[135.51978,34.62265],[135.5198,34.6227],[135.51982,34.62273],[135.51985,34.62279],[135.52028,34.62361],[135.5203,34.62366],[135.52032,34.6237],[135.52066,34.62436],[135.52075,34.62453],[135.52092,34.62479],[135.52097,34.62486],[135.52105,34.62498],[135.52106,34.625],[135.52112,34.62509],[135.5215,34.62599],[135.52151,34.62602],[135.52153,34.62606],[135.52166,34.62638],[135.52196,34.62705],[135.52199,34.62713],[135.52231,34.62783],[135.52234,34.6279],[135.52248,34.62823],[135.52253,34.62832],[135.52254,34.62835],[135.5229,34.62916],[135.52292,34.6292],[135.5233,34.63005],[135.52334,34.63016],[135.52334,34.63017],[135.52344,34.63043],[135.52345,34.63045],[135.52353,34.63065],[135.52355,34.6307],[135.52358,34.6308],[135.5236,34.63084],[135.52362,34.63088],[135.52385,34.63149],[135.52389,34.63161],[135.52393,34.63169],[135.52398,34.63184],[135.52403,34.63216],[135.52404,34.63221],[135.52407,34.63243],[135.52408,34.63246],[135.52409,34.63289],[135.5241,34.63291],[135.5241,34.63302],[135.5241,34.63305],[135.5241,34.6331],[135.52411,34.63333],[135.52413,34.63373],[135.52413,34.63413],[135.52414,34.63421],[135.52414,34.63479],[135.52415,34.63487],[135.52416,34.63559],[135.52416,34.63567],[135.52416,34.63571],[135.52417,34.63628],[135.52418,34.63654],[135.52418,34.6366],[135.52418,34.63662],[135.52421,34.63753],[135.525,34.63735],[135.52506,34.63733],[135.5251,34.63732],[135.52513,34.63732],[135.52561,34.63721],[135.52566,34.6372],[135.5257,34.63719],[135.52575,34.63717],[135.52581,34.63733],[135.52592,34.63764],[135.52597,34.63775],[135.52601,34.63782],[135.52615,34.63812],[135.52624,34.6383],[135.52659,34.63902],[135.52661,34.63907],[135.52672,34.63928],[135.52689,34.63962],[135.5269,34.63965],[135.52709,34.64003],[135.52756,34.64097],[135.52758,34.641],[135.52766,34.64118],[135.52778,34.64139],[135.52792,34.64167],[135.52794,34.6417],[135.52797,34.64176],[135.52811,34.64194],[135.5283,34.64217],[135.52837,34.64226],[135.52843,34.64237],[135.52845,34.6424],[135.52846,34.64243],[135.5288,34.64308],[135.52906,34.6436],[135.52908,34.64364],[135.52936,34.64422],[135.52937,34.64424],[135.52948,34.64446],[135.52963,34.64434],[135.5297,34.64429],[135.53051,34.64368],[135.53069,34.64354],[135.53072,34.64352],[135.53166,34.64281],[135.53202,34.64254],[135.53214,34.64245],[135.53262,34.64209],[135.53286,34.64192],[135.53314,34.64167],[135.53333,34.6415],[135.53347,34.64138],[135.53373,34.64109],[135.53381,34.64098],[135.53384,34.64093],[135.5341,34.64059],[135.5343,34.6403],[135.53432,34.64027],[135.5344,34.64016],[135.53448,34.64004],[135.53484,34.63952],[135.53486,34.6395],[135.53505,34.63922],[135.53507,34.63921],[135.5351,34.6392],[135.53536,34.63912],[135.53548,34.63956],[135.53552,34.63968],[135.53562,34.64022],[135.53564,34.64023],[135.53577,34.64031],[135.53583,34.64035],[135.53622,34.64059],[135.53624,34.6406],[135.53673,34.64087],[135.53686,34.64094],[135.53735,34.64121],[135.53756,34.64126],[135.53768,34.64129],[135.53793,34.64127],[135.53904,34.64114],[135.5392,34.64112],[135.54134,34.64086],[135.54167,34.64082],[135.54469,34.64045],[135.54474,34.64035],[135.54475,34.64022],[135.5447,34.63974],[135.54458,34.63935],[135.54454,34.63921],[135.54454,34.63874],[135.5446,34.63861],[135.54463,34.63856],[135.54488,34.63819],[135.54506,34.63811],[135.54511,34.63811],[135.54512,34.63811],[135.54518,34.63811],[135.54534,34.63812],[135.54538,34.63813],[135.54551,34.63815],[135.54556,34.63816],[135.54575,34.6382],[135.54596,34.63837],[135.54646,34.63785],[135.54685,34.63751],[135.54701,34.63737],[135.54706,34.63734],[135.54768,34.63697],[135.54769,34.63687],[135.54771,34.63668],[135.54771,34.63663],[135.54771,34.6366],[135.54772,34.63654],[135.54773,34.63639],[135.54766,34.63632],[135.54761,34.63627],[135.54726,34.63591],[135.54721,34.63586],[135.54684,34.63549],[135.54618,34.63482],[135.5461,34.63474],[135.54601,34.63465],[135.5454,34.63404],[135.54526,34.6339],[135.54491,34.63355],[135.54483,34.63347],[135.54479,34.63344],[135.54469,34.63333],[135.54445,34.63309],[135.5444,34.63305],[135.54438,34.63302],[135.54423,34.63288],[135.54417,34.63281],[135.54382,34.63247],[135.54377,34.63233],[135.54375,34.63227],[135.54373,34.63222],[135.54372,34.63191],[135.54371,34.63148],[135.54371,34.63143],[135.54371,34.63099],[135.5437,34.63068],[135.5437,34.63065],[135.5437,34.63041],[135.5437,34.62856],[135.5437,34.62842],[135.54369,34.6282],[135.54369,34.6278],[135.54369,34.62777],[135.54368,34.62669],[135.54368,34.62635],[135.54368,34.62608],[135.54368,34.626],[135.54368,34.62591],[135.54368,34.6254],[135.54368,34.62527],[135.54355,34.62527],[135.54257,34.62527],[135.54247,34.62527],[135.54241,34.62527],[135.54231,34.62526],[135.54208,34.62526],[135.54167,34.62526],[135.54157,34.62526],[135.54146,34.62526],[135.54074,34.62526],[135.54073,34.625],[135.54073,34.62495],[135.54073,34.6248],[135.54074,34.6245],[135.54074,34.62407],[135.54074,34.62398],[135.54075,34.62362],[135.54075,34.62354],[135.54076,34.62325],[135.54076,34.62298],[135.54076,34.62178],[135.54076,34.62141],[135.54076,34.62108],[135.54076,34.62092],[135.54077,34.62037],[135.54079,34.61967],[135.54079,34.61938],[135.5408,34.6193],[135.5408,34.61923],[135.5408,34.61905],[135.5408,34.61877],[135.54079,34.61865],[135.54079,34.61861],[135.54079,34.61819],[135.54079,34.61815],[135.54079,34.618],[135.54079,34.61736],[135.54079,34.61667],[135.54079,34.6155],[135.54081,34.61512],[135.54087,34.61493],[135.54103,34.6145],[135.54103,34.61447],[135.54107,34.61424],[135.54106,34.61402],[135.54101,34.61365],[135.54097,34.61318],[135.54096,34.61292],[135.54096,34.61279],[135.54095,34.61266],[135.54092,34.61178],[135.54092,34.61146],[135.54091,34.61106],[135.54091,34.61093],[135.54091,34.61075],[135.5409,34.60996],[135.54088,34.60968],[135.54087,34.60945],[135.54167,34.60944],[135.54275,34.60942],[135.54282,34.60942],[135.54306,34.60942],[135.54313,34.60942],[135.54363,34.60942],[135.54363,34.60932],[135.54364,34.60924],[135.54364,34.60849],[135.54364,34.60833],[135.54365,34.60828],[135.54365,34.60824],[135.54365,34.60815],[135.54365,34.60807],[135.54365,34.60806],[135.54365,34.60798],[135.54363,34.60738],[135.5436,34.60622],[135.5436,34.60599],[135.54361,34.60572],[135.54363,34.60487],[135.54364,34.60437],[135.54364,34.60376],[135.54364,34.60304],[135.54363,34.60286],[135.54363,34.60251],[135.54363,34.60066],[135.54363,34.60065],[135.54363,34.60061],[135.54363,34.6005],[135.54362,34.60042],[135.54362,34.60032],[135.54362,34.60027],[135.54362,34.60018],[135.54361,34.6],[135.5436,34.59964],[135.54346,34.59942],[135.54167,34.59939],[135.53998,34.59936],[135.53859,34.59934],[135.53851,34.59938],[135.53845,34.5994],[135.53835,34.59945],[135.53694,34.59942],[135.53689,34.59929],[135.53646,34.59927],[135.53552,34.59923],[135.53476,34.59919],[135.53473,34.5991],[135.53469,34.59899],[135.53333,34.59886],[135.53298,34.59882],[135.53273,34.59879],[135.53231,34.59873],[135.53197,34.59868],[135.53199,34.59853],[135.532,34.5984],[135.5315,34.59831],[135.53151,34.59825],[135.53159,34.59775],[135.53166,34.59728],[135.53172,34.59695],[135.53175,34.59666],[135.53178,34.59647],[135.53117,34.59636],[135.53109,34.59635],[135.53101,34.59613],[135.531,34.5961],[135.53095,34.59588],[135.53076,34.59553],[135.53076,34.59509],[135.53077,34.59485],[135.53039,34.5948],[135.53034,34.5947],[135.53016,34.59432],[135.53004,34.59406],[135.53006,34.59392],[135.53011,34.59355],[135.53016,34.59318],[135.53031,34.59225],[135.5304,34.59167],[135.53046,34.59133],[135.53048,34.5912],[135.53049,34.59117],[135.53052,34.59092],[135.5304,34.59091],[135.53036,34.59091],[135.53025,34.59091],[135.53013,34.59167],[135.53011,34.59177],[135.53008,34.59202],[135.53006,34.59212],[135.53004,34.59224],[135.53002,34.59239],[135.53001,34.59244],[135.53,34.59248],[135.52999,34.59256],[135.52998,34.59262],[135.52996,34.59276],[135.52995,34.59282],[135.52993,34.59293],[135.52992,34.593],[135.52988,34.59324],[135.52972,34.59411],[135.52971,34.5942],[135.52969,34.59428],[135.52954,34.59441],[135.52927,34.59447],[135.52888,34.59454],[135.52834,34.59464],[135.52809,34.59468],[135.5277,34.5947],[135.52742,34.59494],[135.52738,34.59497],[135.52721,34.59512],[135.5272,34.59513],[135.52696,34.59546],[135.52663,34.59599],[135.52657,34.59608],[135.52637,34.5964],[135.525,34.59575],[135.52363,34.5951],[135.5225,34.59457],[135.5225,34.59507],[135.52251,34.59534],[135.52251,34.59574],[135.52251,34.59611],[135.52254,34.597],[135.52254,34.59713],[135.52259,34.5974],[135.52264,34.59757],[135.52271,34.59777],[135.52272,34.59781],[135.52281,34.59811],[135.52285,34.59826],[135.52287,34.59842],[135.52288,34.59847],[135.52293,34.59887],[135.52295,34.59941],[135.52295,34.59946],[135.52294,34.6],[135.52294,34.60065],[135.52293,34.60076],[135.5229,34.60102],[135.52285,34.60128],[135.52284,34.60138],[135.52281,34.60214],[135.52281,34.60235],[135.5228,34.60301],[135.5228,34.60307],[135.52279,34.60316],[135.52279,34.6032],[135.52274,34.60404],[135.52274,34.60411],[135.52273,34.60423],[135.52245,34.60424],[135.52243,34.60492],[135.52241,34.60543],[135.52241,34.60556],[135.52249,34.60566],[135.52278,34.60601],[135.5228,34.60678],[135.5228,34.60704],[135.52293,34.60715],[135.52305,34.6074],[135.52304,34.60766],[135.52294,34.60782],[135.5229,34.60795],[135.52291,34.60814],[135.52291,34.60819],[135.52291,34.60833],[135.52291,34.60853],[135.52327,34.60854],[135.52367,34.60857],[135.52365,34.60918],[135.52365,34.6093],[135.52364,34.60947],[135.52042,34.60949],[135.51937,34.60949],[135.51667,34.6095],[135.51469,34.60951],[135.51435,34.60951],[135.51434,34.60951],[135.51421,34.60952],[135.51399,34.60953],[135.51402,34.60974],[135.51403,34.60989],[135.51421,34.61139],[135.51424,34.6117],[135.51434,34.61268],[135.51439,34.61315],[135.5144,34.61325]]]]}},{"type":"Feature","properties":{"code":"27122","name":"西成区"},"geometry":{"type":"MultiPolygon","coordinates":[[[[135.48108,34.65502],[135.48111,34.65504],[135.48175,34.6554],[135.48197,34.65552],[135.48225,34.65567],[135.48271,34.65593],[135.48286,34.65601],[135.48333,34.65627],[135.48365,34.65645],[135.48377,34.65651],[135.48383,34.65654],[135.48398,34.65661],[135.4841,34.65665],[135.48425,34.65671],[135.48455,34.65683],[135.48483,34.65694],[135.48507,34.65703],[135.48493,34.65645],[135.48496,34.65619],[135.485,34.65549],[135.48502,34.65542],[135.48502,34.65533],[135.48502,34.65523],[135.48503,34.65516],[135.48503,34.65507],[135.48504,34.65494],[135.48504,34.65486],[135.48504,34.65477],[135.48505,34.65472],[135.48508,34.65402],[135.48508,34.65399],[135.48508,34.65396],[135.48509,34.65385],[135.4851,34.65377],[135.48511,34.65372],[135.48512,34.65354],[135.48513,34.6535],[135.48515,34.6532],[135.48517,34.65299],[135.48519,34.65281],[135.48521,34.65253],[135.48522,34.65247],[135.48523,34.65238],[135.48524,34.65226],[135.48524,34.65218],[135.48525,34.65211],[135.48534,34.65214],[135.48539,34.65216],[135.48554,34.65222],[135.48563,34.65225],[135.48571,34.65228],[135.48584,34.65232],[135.48609,34.65242],[135.48626,34.6525],[135.48696,34.65282],[135.48703,34.65288],[135.48706,34.6529],[135.4871,34.65293],[135.48715,34.65297],[135.48723,34.65303],[135.4873,34.65308],[135.48732,34.6531],[135.48735,34.65313],[135.48739,34.65317],[135.48748,34.65326],[135.48771,34.65353],[135.48783,34.6537],[135.48816,34.65373],[135.48822,34.65373],[135.48862,34.65376],[135.48895,34.65375],[135.48909,34.65376],[135.4893,34.65378],[135.48981,34.65374],[135.49003,34.65371],[135.49028,34.65369],[135.4904,34.65367],[135.49061,34.65365],[135.49092,34.65358],[135.49142,34.65346],[135.49158,34.65341],[135.49162,34.6534],[135.49167,34.65338],[135.49168,34.65338],[135.49185,34.65333],[135.49207,34.65321],[135.49246,34.65304],[135.49255,34.65299],[135.4926,34.65296],[135.49264,34.65294],[135.49304,34.65272],[135.49351,34.65238],[135.49354,34.65236],[135.49355,34.65234],[135.49361,34.65228],[135.49374,34.65213],[135.49403,34.65186],[135.49437,34.65167],[135.4947,34.65156],[135.49482,34.65151],[135.49508,34.65142],[135.49552,34.65128],[135.49577,34.65121],[135.496,34.65115],[135.49642,34.65105],[135.49663,34.65102],[135.49719,34.65087],[135.49731,34.65081],[135.49734,34.6508],[135.4974,34.65078],[135.49766,34.65072],[135.49768,34.65072],[135.49794,34.65065],[135.49806,34.65062],[135.49845,34.65052],[135.49862,34.65048],[135.49877,34.65044],[135.49909,34.65037],[135.49973,34.65021],[135.49976,34.65012],[135.49981,34.65],[135.49985,34.64991],[135.49988,34.64983],[135.49996,34.64963],[135.5,34.64962],[135.50011,34.64959],[135.50039,34.64952],[135.50045,34.64951],[135.50069,34.64945],[135.50075,34.64943],[135.50079,34.64942],[135.5025,34.649],[135.50261,34.64897],[135.50291,34.6489],[135.50303,34.64887],[135.50324,34.64882],[135.50357,34.64874],[135.50358,34.64874],[135.50368,34.64871],[135.50389,34.64866],[135.50543,34.64826],[135.50554,34.64824],[135.50576,34.64818],[135.5059,34.64814],[135.50624,34.64806],[135.50626,34.64805],[135.50651,34.64802],[135.50655,34.64801],[135.50672,34.64799],[135.50709,34.64793],[135.5075,34.64783],[135.50782,34.64774],[135.50786,34.64773],[135.50789,34.64772],[135.50833,34.64761],[135.50836,34.6476],[135.50833,34.64754],[135.50813,34.64705],[135.50795,34.6466],[135.50789,34.64644],[135.50787,34.64639],[135.50786,34.64636],[135.50781,34.64623],[135.50759,34.64571],[135.50757,34.64567],[135.50737,34.64517],[135.50726,34.64486],[135.50725,34.64483],[135.50723,34.6448],[135.50721,34.64472],[135.50718,34.64444],[135.50672,34.64432],[135.50673,34.64421],[135.50674,34.64415],[135.50678,34.64353],[135.50667,34.6433],[135.50644,34.64299],[135.5064,34.64294],[135.50638,34.64291],[135.50634,34.64285],[135.50623,34.64262],[135.50617,34.64239],[135.50611,34.64215],[135.50611,34.64214],[135.50609,34.64208],[135.50609,34.64206],[135.50604,34.64193],[135.50598,34.64177],[135.50594,34.64168],[135.50594,34.64167],[135.5057,34.64105],[135.50565,34.64098],[135.5055,34.64079],[135.50515,34.64015],[135.50513,34.6401],[135.5051,34.64005],[135.50478,34.63946],[135.50474,34.63938],[135.50463,34.63918],[135.50438,34.6387],[135.50414,34.63827],[135.50379,34.63754],[135.50371,34.63735],[135.50368,34.63725],[135.50367,34.63721],[135.50366,34.63718],[135.50365,34.63713],[135.50347,34.63669],[135.50333,34.63638],[135.50321,34.63628],[135.50317,34.63625],[135.50284,34.63599],[135.50244,34.63547],[135.5024,34.6354],[135.50224,34.63517],[135.50218,34.63507],[135.5021,34.63495],[135.502,34.63474],[135.50164,34.63396],[135.50149,34.63364],[135.50136,34.63333],[135.50132,34.63325],[135.50119,34.63299],[135.50115,34.63279],[135.50107,34.63269],[135.501,34.63265],[135.50095,34.63262],[135.50094,34.63261],[135.5009,34.63259],[135.5008,34.63253],[135.50069,34.63241],[135.50044,34.63183],[135.50023,34.63123],[135.50022,34.63119],[135.5002,34.63114],[135.5,34.63052],[135.49995,34.63038],[135.49994,34.63033],[135.49993,34.63029],[135.4999,34.63021],[135.49988,34.63016],[135.49978,34.63002],[135.49962,34.62995],[135.49942,34.6299],[135.49923,34.62971],[135.49918,34.62965],[135.49897,34.62941],[135.49879,34.62934],[135.4987,34.62927],[135.49862,34.6292],[135.49851,34.62894],[135.49829,34.6287],[135.49828,34.62868],[135.49814,34.6285],[135.49812,34.62846],[135.49787,34.62813],[135.49781,34.62797],[135.4978,34.62787],[135.49779,34.62777],[135.49778,34.62765],[135.49777,34.62757],[135.49749,34.62682],[135.49743,34.62665],[135.49731,34.62634],[135.4973,34.62629],[135.49728,34.62624],[135.49719,34.62601],[135.49697,34.62598],[135.49687,34.62571],[135.49681,34.62569],[135.49675,34.62567],[135.49656,34.62561],[135.49626,34.62551],[135.49613,34.62547],[135.49605,34.62513],[135.49602,34.625],[135.49602,34.62498],[135.49601,34.62494],[135.496,34.62488],[135.49599,34.62485],[135.49597,34.62472],[135.49582,34.62433],[135.49588,34.62425],[135.49635,34.62374],[135.49636,34.62372],[135.49607,34.62355],[135.49583,34.62354],[135.4957,34.62353],[135.4953,34.6235],[135.49513,34.62346],[135.49498,34.62339],[135.49471,34.62332],[135.49452,34.62331],[135.49451,34.62331],[135.49425,34.62331],[135.49377,34.62338],[135.4935,34.6234],[135.49308,34.62343],[135.49284,34.62345],[135.49248,34.62348],[135.49223,34.62351],[135.49217,34.62351],[135.49201,34.62353],[135.49173,34.62355],[135.49167,34.62356],[135.49156,34.62357],[135.49146,34.62356],[135.49096,34.62353],[135.49056,34.62331],[135.4905,34.62328],[135.49037,34.62321],[135.49021,34.62312],[135.4902,34.62312],[135.48989,34.62295],[135.4895,34.62287],[135.48933,34.62284],[135.48925,34.62283],[135.48906,34.6228],[135.48812,34.62264],[135.48785,34.6226],[135.4873,34.62252],[135.48676,34.62242],[135.48658,34.62239],[135.48644,34.62236],[135.48636,34.62235],[135.48603,34.62229],[135.48537,34.62216],[135.485,34.62208],[135.48478,34.62205],[135.48469,34.62203],[135.48403,34.62192],[135.48383,34.62189],[135.48379,34.62188],[135.48366,34.62186],[135.48333,34.6218],[135.48306,34.62175],[135.48276,34.6217],[135.48231,34.62164],[135.48228,34.62181],[135.48226,34.62188],[135.48221,34.62213],[135.48216,34.62235],[135.48208,34.62266],[135.48193,34.62328],[135.48192,34.62331],[135.48187,34.62352],[135.48186,34.62357],[135.48164,34.62439],[135.48158,34.62446],[135.48152,34.62453],[135.48126,34.62466],[135.48094,34.62483],[135.48059,34.625],[135.48029,34.62514],[135.48012,34.62522],[135.47977,34.62539],[135.47974,34.62541],[135.47969,34.62543],[135.47948,34.62553],[135.47942,34.62556],[135.4793,34.62562],[135.4789,34.62581],[135.47792,34.62628],[135.4764,34.62703],[135.47633,34.62711],[135.47621,34.62726],[135.47549,34.62789],[135.47534,34.62802],[135.475,34.62832],[135.47458,34.62868],[135.47381,34.62935],[135.4737,34.62944],[135.47368,34.62946],[135.4738,34.62957],[135.47415,34.62988],[135.47444,34.63016],[135.47461,34.63035],[135.47471,34.63045],[135.47475,34.63048],[135.47482,34.63059],[135.475,34.63082],[135.47512,34.63098],[135.47525,34.63115],[135.47559,34.63167],[135.47576,34.63192],[135.47585,34.63209],[135.47603,34.63243],[135.47608,34.63253],[135.47622,34.63279],[135.47651,34.63333],[135.47657,34.63343],[135.4768,34.63383],[135.47684,34.63392],[135.47696,34.63417],[135.477,34.63426],[135.47706,34.63439],[135.47714,34.63454],[135.47739,34.63511],[135.47768,34.63584],[135.47778,34.63608],[135.47784,34.63624],[135.47796,34.63659],[135.47802,34.63677],[135.47806,34.63689],[135.47824,34.63739],[135.47829,34.63755],[135.47848,34.63813],[135.47852,34.63832],[135.47865,34.63886],[135.47877,34.63943],[135.47893,34.64034],[135.47903,34.64148],[135.47905,34.64167],[135.47905,34.64172],[135.47911,34.64272],[135.47911,34.64319],[135.47912,34.64352],[135.47913,34.64371],[135.4791,34.6446],[135.47909,34.6452],[135.47909,34.64525],[135.47904,34.6458],[135.47904,34.64597],[135.479,34.64634],[135.47899,34.64652],[135.47898,34.64663],[135.47891,34.64733],[135.47891,34.64735],[135.47889,34.64754],[135.47886,34.64772],[135.47878,34.64818],[135.47877,34.64835],[135.47877,34.64839],[135.47875,34.64898],[135.47875,34.64914],[135.47878,34.64966],[135.4788,34.64992],[135.47884,34.65],[135.4789,34.65016],[135.47901,34.65045],[135.47908,34.65059],[135.4791,34.65064],[135.4794,34.65134],[135.47961,34.65185],[135.47972,34.65213],[135.47993,34.65264],[135.48004,34.6529],[135.48019,34.65327],[135.48024,34.65341],[135.48035,34.65365],[135.48061,34.65417],[135.48084,34.65457],[135.48104,34.65491],[135.48108,34.65502]]]]}},{"type":"Feature","properties":{"code":"27123","name":"淀川区"},"geometry":{"type":"MultiPolygon","coordinates":[[[[135.44556,34.72908],[135.44556,34.7295],[135.44564,34.73003],[135.4458,34.73056],[135.4459,34.73084],[135.44609,34.73133],[135.44658,34.73229],[135.44685,34.73271],[135.44708,34.73304],[135.44709,34.73305],[135.44735,34.73333],[135.44737,34.73335],[135.44771,34.73362],[135.44811,34.73386],[135.44858,34.73401],[135.44899,34.7341],[135.4498,34.73417],[135.45,34.73418],[135.45178,34.73432],[135.45189,34.73432],[135.45252,34.73434],[135.45306,34.73436],[135.45477,34.73433],[135.45539,34.73431],[135.45545,34.7343],[135.4562,34.7342],[135.45714,34.73405],[135.45833,34.73376],[135.45849,34.73372],[135.45893,34.7336],[135.45933,34.73349],[135.45976,34.73333],[135.46025,34.73315],[135.4603,34.73314],[135.46163,34.73268],[135.46316,34.73209],[135.46612,34.731],[135.46614,34.731],[135.46667,34.7308],[135.4668,34.73075],[135.46682,34.73075],[135.46696,34.7307],[135.46749,34.73074],[135.46948,34.73094],[135.46972,34.73096],[135.46988,34.73097],[135.46992,34.73148],[135.47002,34.73186],[135.47003,34.73195],[135.47005,34.73222],[135.47011,34.73248],[135.47015,34.73263],[135.47065,34.73281],[135.4715,34.73322],[135.4716,34.73327],[135.47174,34.73333],[135.47188,34.7334],[135.47209,34.7335],[135.47226,34.73357],[135.47257,34.73379],[135.47296,34.73414],[135.47372,34.73472],[135.47448,34.73539],[135.4748,34.73564],[135.475,34.73579],[135.4752,34.73594],[135.47547,34.73612],[135.47593,34.73635],[135.4763,34.73647],[135.47698,34.73666],[135.47833,34.73694],[135.47859,34.73702],[135.47928,34.73725],[135.47973,34.73741],[135.48034,34.73772],[135.48041,34.73776],[135.4806,34.73787],[135.48105,34.73814],[135.48136,34.73842],[135.48166,34.73873],[135.48192,34.73909],[135.48197,34.73918],[135.48209,34.73936],[135.48226,34.73964],[135.48235,34.73977],[135.4825,34.73998],[135.48255,34.74005],[135.48264,34.74017],[135.4823,34.74047],[135.48224,34.74052],[135.48264,34.74155],[135.48267,34.74164],[135.48268,34.74167],[135.4827,34.74167],[135.48325,34.74152],[135.48331,34.74167],[135.48333,34.74174],[135.48417,34.74392],[135.48461,34.74511],[135.48469,34.74525],[135.48464,34.74606],[135.48461,34.74654],[135.48459,34.74685],[135.48456,34.74731],[135.48504,34.74793],[135.48543,34.74844],[135.48549,34.7485],[135.48568,34.7487],[135.48618,34.74906],[135.48626,34.74903],[135.48657,34.74891],[135.48692,34.74878],[135.48789,34.74979],[135.48791,34.74981],[135.48813,34.75],[135.48863,34.75044],[135.48897,34.75062],[135.48914,34.75072],[135.48966,34.75101],[135.49002,34.75118],[135.49024,34.75122],[135.49055,34.75134],[135.49098,34.75138],[135.49167,34.75136],[135.49232,34.75127],[135.49283,34.75113],[135.49367,34.75085],[135.49402,34.7507],[135.49442,34.75091],[135.49465,34.75105],[135.49506,34.75129],[135.49519,34.75137],[135.49524,34.7513],[135.49543,34.7511],[135.49555,34.75103],[135.49582,34.75095],[135.49658,34.75073],[135.49686,34.7507],[135.49704,34.75067],[135.49719,34.75065],[135.49727,34.75063],[135.49761,34.75052],[135.49827,34.75027],[135.49885,34.75],[135.49916,34.74985],[135.49938,34.74975],[135.49944,34.74977],[135.49951,34.74979],[135.49997,34.74993],[135.5,34.74987],[135.50008,34.74973],[135.50017,34.74956],[135.50017,34.74954],[135.50002,34.74905],[135.5,34.74902],[135.49966,34.74842],[135.49965,34.74839],[135.4996,34.74831],[135.49943,34.74794],[135.5,34.74767],[135.50034,34.7475],[135.50153,34.74692],[135.50291,34.74629],[135.50392,34.74582],[135.50439,34.74561],[135.50496,34.74536],[135.50554,34.7451],[135.50575,34.74501],[135.50582,34.74499],[135.50583,34.74499],[135.50602,34.74493],[135.50626,34.74486],[135.50648,34.7448],[135.50663,34.74475],[135.50671,34.74473],[135.5067,34.74469],[135.50646,34.74418],[135.50638,34.74401],[135.50631,34.74386],[135.50587,34.74291],[135.5053,34.74167],[135.50524,34.74154],[135.5047,34.74026],[135.50444,34.73965],[135.5038,34.73832],[135.50374,34.7382],[135.50335,34.73738],[135.50311,34.73692],[135.50297,34.73654],[135.50285,34.73625],[135.50267,34.73571],[135.50265,34.73566],[135.50263,34.73557],[135.50249,34.735],[135.50249,34.73483],[135.50249,34.73466],[135.50249,34.73452],[135.5025,34.73419],[135.5025,34.73375],[135.50251,34.73341],[135.50248,34.73333],[135.50237,34.73301],[135.5023,34.73281],[135.50222,34.73255],[135.50214,34.73226],[135.50207,34.73171],[135.50205,34.73113],[135.50207,34.73087],[135.50214,34.73003],[135.50244,34.72862],[135.5032,34.72664],[135.50326,34.72594],[135.50344,34.72536],[135.50347,34.72523],[135.50352,34.725],[135.50369,34.72415],[135.50378,34.72374],[135.50379,34.7236],[135.5038,34.72346],[135.5038,34.72339],[135.50387,34.72146],[135.5039,34.72023],[135.50393,34.71941],[135.50368,34.71939],[135.50364,34.71938],[135.50354,34.71937],[135.50326,34.71935],[135.50311,34.71933],[135.50299,34.71932],[135.50072,34.7192],[135.5,34.71919],[135.49961,34.71919],[135.49938,34.71918],[135.49831,34.71917],[135.49787,34.71916],[135.49719,34.71915],[135.49694,34.71913],[135.49661,34.71911],[135.49616,34.71906],[135.49508,34.71886],[135.49441,34.71865],[135.49326,34.71817],[135.49266,34.71788],[135.4917,34.71733],[135.49167,34.71731],[135.49058,34.71667],[135.48912,34.7158],[135.48761,34.71491],[135.48699,34.71454],[135.48688,34.71447],[135.48661,34.71431],[135.48648,34.71423],[135.48635,34.71415],[135.4861,34.714],[135.4848,34.71321],[135.48334,34.71232],[135.48333,34.71231],[135.48328,34.71228],[135.4787,34.70955],[135.47859,34.70949],[135.47671,34.70833],[135.47509,34.70734],[135.475,34.70729],[135.47444,34.70697],[135.47417,34.70682],[135.47393,34.70668],[135.47249,34.70833],[135.47182,34.7091],[135.47157,34.70939],[135.47117,34.70984],[135.46977,34.71143],[135.46927,34.712],[135.46874,34.7126],[135.46758,34.714],[135.46733,34.71429],[135.46682,34.71484],[135.46667,34.71501],[135.46547,34.71629],[135.46535,34.71642],[135.46513,34.71667],[135.46448,34.71735],[135.46416,34.71775],[135.46413,34.71779],[135.46405,34.71789],[135.46395,34.71801],[135.46225,34.71994],[135.46199,34.72023],[135.46044,34.72209],[135.46019,34.72236],[135.45988,34.72265],[135.45957,34.72294],[135.45928,34.72314],[135.45868,34.7235],[135.45863,34.72354],[135.45833,34.72379],[135.45794,34.72411],[135.45759,34.72444],[135.45722,34.72487],[135.45712,34.725],[135.45693,34.72524],[135.45678,34.72538],[135.45676,34.7254],[135.45658,34.72553],[135.45657,34.72554],[135.45616,34.72586],[135.45527,34.72653],[135.45502,34.72672],[135.45471,34.72692],[135.45454,34.727],[135.45438,34.72708],[135.45314,34.72753],[135.45206,34.72789],[135.45129,34.7281],[135.45065,34.72824],[135.45,34.72836],[135.44972,34.72842],[135.44917,34.72852],[135.44788,34.72876],[135.44676,34.72892],[135.44672,34.72892],[135.44556,34.72908]]]]}},{"type":"Feature","properties":{"code":"27124","name":"鶴見区"},"geometry":{"type":"MultiPolygon","coordinates":[[[[135.56667,34.68774],[135.56641,34.68775],[135.56564,34.68775],[135.56548,34.68778],[135.56544,34.68779],[135.5654,34.68778],[135.56528,34.68777],[135.56515,34.68776],[135.56513,34.68776],[135.56494,34.6877],[135.56493,34.68768],[135.56479,34.68755],[135.56461,34.68738],[135.56457,34.68734],[135.56451,34.68728],[135.56442,34.6872],[135.56417,34.6871],[135.56403,34.68707],[135.56394,34.68706],[135.56367,34.68705],[135.56322,34.6871],[135.56165,34.68728],[135.56054,34.68742],[135.55981,34.68753],[135.55932,34.6876],[135.55907,34.68765],[135.55886,34.68769],[135.55886,34.68779],[135.55891,34.68853],[135.55891,34.68865],[135.55893,34.68901],[135.55893,34.68906],[135.55898,34.68999],[135.55911,34.69062],[135.55915,34.69081],[135.55918,34.69101],[135.55923,34.69167],[135.55923,34.69169],[135.55924,34.69185],[135.55925,34.69191],[135.55926,34.6921],[135.55928,34.69239],[135.55931,34.69297],[135.55932,34.69309],[135.55933,34.69371],[135.55933,34.69378],[135.55934,34.69387],[135.5594,34.69459],[135.55948,34.69544],[135.5595,34.69568],[135.5595,34.69576],[135.55951,34.69589],[135.55952,34.69614],[135.55952,34.69618],[135.55956,34.697],[135.55956,34.69708],[135.55958,34.69734],[135.55958,34.69738],[135.55965,34.69834],[135.55967,34.69866],[135.55972,34.69937],[135.55973,34.69958],[135.55974,34.6997],[135.55974,34.69973],[135.55974,34.69984],[135.55975,34.69996],[135.55975,34.7],[135.55976,34.7002],[135.55979,34.70099],[135.5598,34.70122],[135.55982,34.70162],[135.55984,34.70196],[135.55986,34.7026],[135.55988,34.70285],[135.55988,34.70294],[135.55988,34.70297],[135.55989,34.70315],[135.55989,34.70325],[135.5599,34.70339],[135.5599,34.70346],[135.55991,34.70402],[135.55992,34.70434],[135.55993,34.70444],[135.55993,34.70458],[135.55993,34.70465],[135.55994,34.70478],[135.55994,34.70485],[135.55995,34.70514],[135.55995,34.70522],[135.55995,34.70528],[135.55995,34.70531],[135.55995,34.70546],[135.55997,34.70588],[135.55997,34.70607],[135.56,34.70654],[135.56001,34.70679],[135.56002,34.70705],[135.56004,34.70752],[135.56004,34.7076],[135.56007,34.70833],[135.56009,34.70884],[135.5601,34.70906],[135.56015,34.7106],[135.56016,34.71073],[135.56017,34.71084],[135.56017,34.71088],[135.56017,34.71091],[135.56024,34.71206],[135.56024,34.71223],[135.56026,34.71269],[135.56026,34.71275],[135.56026,34.71281],[135.56028,34.71362],[135.56028,34.71366],[135.5603,34.71416],[135.5603,34.71437],[135.56031,34.71457],[135.56031,34.71463],[135.56031,34.71466],[135.56031,34.71486],[135.56031,34.71496],[135.56025,34.71504],[135.56035,34.71504],[135.56055,34.71504],[135.56076,34.71504],[135.56093,34.71503],[135.56125,34.71503],[135.56142,34.71503],[135.56157,34.71503],[135.56165,34.71503],[135.56173,34.71503],[135.56178,34.71503],[135.56193,34.71502],[135.56201,34.71502],[135.56211,34.71502],[135.56216,34.71502],[135.56228,34.71502],[135.56283,34.71501],[135.56301,34.71501],[135.56319,34.71502],[135.56335,34.71503],[135.56338,34.71523],[135.56341,34.71543],[135.5635,34.71612],[135.56341,34.71639],[135.56341,34.71649],[135.56342,34.71667],[135.56345,34.71735],[135.56386,34.71732],[135.56406,34.7173],[135.5641,34.7173],[135.56427,34.71729],[135.56435,34.71729],[135.56445,34.71728],[135.56451,34.71728],[135.56462,34.71728],[135.56468,34.71727],[135.56478,34.71727],[135.56487,34.71727],[135.56543,34.71725],[135.56575,34.71722],[135.56587,34.71721],[135.56611,34.71719],[135.56616,34.7172],[135.56627,34.71723],[135.5666,34.71729],[135.56667,34.7173],[135.56673,34.71732],[135.5668,34.71733],[135.56703,34.71738],[135.56729,34.71755],[135.56751,34.7177],[135.56763,34.71778],[135.56765,34.71771],[135.56775,34.71749],[135.56812,34.71667],[135.56819,34.7165],[135.56868,34.71527],[135.56882,34.71478],[135.56898,34.71396],[135.56915,34.71343],[135.56939,34.71263],[135.56941,34.71252],[135.56925,34.71238],[135.56904,34.71208],[135.56893,34.7118],[135.56893,34.71165],[135.56894,34.71152],[135.56902,34.7114],[135.5692,34.71133],[135.56933,34.7113],[135.56944,34.71126],[135.56952,34.71116],[135.56953,34.71097],[135.56954,34.71073],[135.56948,34.71043],[135.56948,34.71031],[135.56976,34.71028],[135.56999,34.71026],[135.56999,34.7099],[135.56997,34.70973],[135.5699,34.70908],[135.5699,34.7089],[135.57018,34.70889],[135.57049,34.7088],[135.57171,34.70878],[135.57183,34.70878],[135.57192,34.70878],[135.572,34.70879],[135.57235,34.70881],[135.57323,34.70885],[135.574,34.70889],[135.57422,34.70892],[135.57429,34.70893],[135.5743,34.70894],[135.57432,34.70902],[135.57443,34.70935],[135.57442,34.70971],[135.57455,34.71055],[135.57454,34.71077],[135.57454,34.71097],[135.57472,34.71225],[135.57473,34.71234],[135.57475,34.71246],[135.57482,34.71295],[135.575,34.71293],[135.57682,34.71278],[135.57683,34.71278],[135.57758,34.71276],[135.57761,34.71276],[135.57761,34.71278],[135.57758,34.7129],[135.5773,34.71344],[135.57714,34.71374],[135.5769,34.71419],[135.57663,34.71472],[135.57646,34.71504],[135.5764,34.71515],[135.57632,34.71527],[135.57612,34.71561],[135.57569,34.71631],[135.57564,34.71638],[135.57551,34.71654],[135.57545,34.71667],[135.57533,34.7169],[135.57527,34.71701],[135.5752,34.71713],[135.57511,34.71729],[135.57505,34.71741],[135.57534,34.7174],[135.57684,34.71734],[135.57743,34.71733],[135.57787,34.71732],[135.57842,34.71731],[135.57953,34.71729],[135.5807,34.71728],[135.58095,34.71726],[135.58131,34.71719],[135.58143,34.71715],[135.58157,34.71711],[135.58197,34.71705],[135.58231,34.71703],[135.58249,34.71714],[135.58287,34.71739],[135.58287,34.71752],[135.58288,34.71791],[135.58294,34.71812],[135.58314,34.71827],[135.58333,34.71838],[135.58353,34.71849],[135.58356,34.71869],[135.58333,34.71878],[135.58305,34.71838],[135.5828,34.71848],[135.58275,34.71863],[135.58273,34.71899],[135.58275,34.7192],[135.58318,34.7193],[135.58319,34.71948],[135.58304,34.71952],[135.58279,34.71953],[135.58276,34.71967],[135.58303,34.71967],[135.58306,34.71992],[135.583,34.71995],[135.58246,34.71996],[135.58228,34.71997],[135.58226,34.72015],[135.58246,34.72015],[135.58319,34.72017],[135.58333,34.72017],[135.58346,34.72017],[135.58348,34.72053],[135.58349,34.72062],[135.58338,34.72062],[135.58333,34.72062],[135.58327,34.72062],[135.58329,34.72109],[135.58263,34.72111],[135.58225,34.72111],[135.58225,34.72174],[135.58222,34.72185],[135.58221,34.72185],[135.58191,34.72186],[135.58202,34.72247],[135.58216,34.72278],[135.58223,34.72334],[135.58241,34.72333],[135.58263,34.72333],[135.58261,34.72287],[135.58261,34.72228],[135.58285,34.72228],[135.58293,34.72252],[135.58293,34.72276],[135.58296,34.72297],[135.58307,34.72315],[135.58319,34.72311],[135.58324,34.72305],[135.58328,34.723],[135.58333,34.72294],[135.5834,34.72285],[135.58346,34.72253],[135.5836,34.72265],[135.58382,34.72268],[135.58402,34.72254],[135.58426,34.72237],[135.58435,34.7223],[135.5844,34.72226],[135.58453,34.72216],[135.58459,34.72211],[135.5848,34.72194],[135.58495,34.72182],[135.58521,34.72169],[135.58573,34.72079],[135.58623,34.71997],[135.58682,34.71894],[135.58698,34.71868],[135.58716,34.71839],[135.58724,34.71825],[135.58719,34.71781],[135.58724,34.71754],[135.58722,34.71732],[135.58721,34.71717],[135.58717,34.71701],[135.58724,34.71667],[135.58727,34.71653],[135.58723,34.71635],[135.58716,34.71613],[135.58705,34.71583],[135.587,34.71554],[135.58706,34.71494],[135.58689,34.71423],[135.58687,34.71415],[135.58684,34.71403],[135.58657,34.71343],[135.58639,34.71323],[135.586,34.71262],[135.58588,34.71227],[135.58575,34.71204],[135.58571,34.71189],[135.58575,34.71177],[135.58595,34.71163],[135.58611,34.71148],[135.58635,34.71132],[135.58663,34.71114],[135.58688,34.71097],[135.58698,34.7109],[135.58729,34.71075],[135.58741,34.71077],[135.58749,34.71099],[135.58751,34.71117],[135.58757,34.71142],[135.58767,34.71186],[135.5878,34.71215],[135.58831,34.71271],[135.58853,34.71294],[135.58882,34.71317],[135.58938,34.71347],[135.58985,34.7137],[135.59021,34.71364],[135.59031,34.71362],[135.5905,34.71359],[135.59136,34.71344],[135.59162,34.71339],[135.59167,34.7134],[135.59215,34.71347],[135.59254,34.71352],[135.59267,34.71353],[135.59297,34.71357],[135.59377,34.71357],[135.59437,34.71362],[135.59465,34.71365],[135.59471,34.71384],[135.59508,34.71389],[135.59533,34.71394],[135.59547,34.71398],[135.59564,34.71401],[135.59668,34.71419],[135.59722,34.71432],[135.59732,34.71434],[135.59747,34.71438],[135.59765,34.71444],[135.59772,34.71461],[135.59846,34.71472],[135.59872,34.71471],[135.5993,34.71468],[135.59935,34.71469],[135.5983,34.71132],[135.59763,34.70908],[135.59751,34.70868],[135.59742,34.70833],[135.59712,34.70712],[135.59704,34.70693],[135.59668,34.70697],[135.59646,34.70699],[135.59578,34.70705],[135.5955,34.70708],[135.59427,34.7071],[135.59414,34.70712],[135.59399,34.70714],[135.59362,34.70718],[135.59352,34.70719],[135.59329,34.70721],[135.59302,34.70724],[135.59279,34.70724],[135.59272,34.70724],[135.59247,34.70725],[135.59225,34.70725],[135.59219,34.70725],[135.59185,34.70725],[135.59167,34.70725],[135.59147,34.70725],[135.59118,34.70723],[135.59107,34.70723],[135.59093,34.70722],[135.59073,34.70751],[135.59062,34.70762],[135.59052,34.70773],[135.59031,34.7077],[135.59036,34.70758],[135.59043,34.7074],[135.59053,34.70725],[135.5907,34.70713],[135.59095,34.70699],[135.59109,34.70691],[135.59146,34.70662],[135.59167,34.70643],[135.59176,34.70636],[135.59184,34.70628],[135.5921,34.70606],[135.59223,34.70595],[135.59269,34.70555],[135.59277,34.70549],[135.59307,34.70522],[135.59383,34.70458],[135.59464,34.70388],[135.59473,34.70378],[135.59499,34.7035],[135.59488,34.70345],[135.5946,34.70331],[135.59452,34.70328],[135.59409,34.70307],[135.59408,34.70307],[135.59394,34.703],[135.59386,34.70296],[135.59384,34.70295],[135.59377,34.70292],[135.59329,34.7027],[135.59271,34.70246],[135.59251,34.70238],[135.59216,34.70231],[135.59167,34.70221],[135.59152,34.70218],[135.59117,34.70211],[135.59014,34.702],[135.59015,34.70192],[135.59023,34.70158],[135.59001,34.70156],[135.59011,34.70118],[135.59022,34.70076],[135.59022,34.70068],[135.59023,34.70056],[135.5897,34.70038],[135.5896,34.70035],[135.5891,34.70018],[135.589,34.70014],[135.58873,34.7],[135.58871,34.69999],[135.58853,34.6999],[135.58835,34.6998],[135.58799,34.69954],[135.58794,34.69949],[135.58787,34.69942],[135.58741,34.69894],[135.58715,34.69874],[135.587,34.69862],[135.58654,34.69846],[135.58613,34.69843],[135.58612,34.69843],[135.58567,34.69849],[135.58557,34.6985],[135.58521,34.69858],[135.58499,34.6986],[135.58484,34.69862],[135.58446,34.69854],[135.58432,34.69847],[135.58388,34.69825],[135.58362,34.69805],[135.58333,34.69784],[135.58331,34.69781],[135.58293,34.69753],[135.58282,34.69735],[135.58282,34.69734],[135.58279,34.6973],[135.58247,34.69708],[135.58216,34.69691],[135.58211,34.69688],[135.58206,34.69686],[135.58196,34.69681],[135.58218,34.69669],[135.58222,34.69666],[135.58239,34.69657],[135.58246,34.69653],[135.58296,34.69626],[135.58273,34.69568],[135.58234,34.69506],[135.58227,34.69492],[135.58192,34.69428],[135.5816,34.69354],[135.58158,34.6935],[135.58155,34.69345],[135.58153,34.6934],[135.58136,34.69305],[135.58082,34.69201],[135.58078,34.69193],[135.5807,34.69167],[135.58067,34.69158],[135.58058,34.69129],[135.58057,34.69119],[135.58057,34.69099],[135.58049,34.69087],[135.58048,34.69083],[135.58046,34.69081],[135.58024,34.69044],[135.57978,34.68994],[135.57975,34.68992],[135.57972,34.68988],[135.57952,34.68966],[135.57906,34.68936],[135.57903,34.68934],[135.57899,34.68932],[135.57875,34.68916],[135.57823,34.68889],[135.578,34.68876],[135.5776,34.6886],[135.57751,34.68856],[135.57676,34.68825],[135.57644,34.68812],[135.57629,34.68821],[135.57616,34.68829],[135.57571,34.68816],[135.57563,34.68815],[135.57553,34.68814],[135.57544,34.68812],[135.575,34.68812],[135.57468,34.68813],[135.57414,34.68822],[135.5739,34.68826],[135.57359,34.68835],[135.57314,34.68849],[135.57291,34.68856],[135.57258,34.68867],[135.57247,34.68875],[135.57239,34.68878],[135.57235,34.68871],[135.57245,34.68859],[135.57253,34.68854],[135.57286,34.68831],[135.57315,34.68806],[135.57334,34.68789],[135.57357,34.6877],[135.57326,34.68769],[135.57317,34.68774],[135.57295,34.68777],[135.57269,34.68781],[135.57085,34.68806],[135.57085,34.68816],[135.57085,34.68847],[135.57075,34.68862],[135.5703,34.68862],[135.57024,34.68854],[135.57024,34.6885],[135.57022,34.68817],[135.57021,34.68811],[135.5702,34.68796],[135.57019,34.68778],[135.56991,34.6877],[135.5697,34.68765],[135.56947,34.68771],[135.56883,34.68772],[135.56827,34.68773],[135.56752,34.68773],[135.56667,34.68774]]]]}},{"type":"Feature","properties":{"code":"27125","name":"住之江区"},"geometry":{"type":"MultiPolygon","coordinates":[[[[135.39167,34.62665],[135.38946,34.62835],[135.38955,34.62843],[135.3897,34.62831],[135.38966,34.62828],[135.38969,34.62825],[135.38971,34.62827],[135.39167,34.62676],[135.39274,34.62593],[135.39273,34.62593],[135.39275,34.62591],[135.39276,34.62592],[135.39395,34.625],[135.39725,34.62245],[135.3983,34.62164],[135.39937,34.62082],[135.3995,34.62072],[135.3995,34.62069],[135.39953,34.62069],[135.39953,34.62067],[135.3996,34.62067],[135.3996,34.62069],[135.4,34.62068],[135.4022,34.62067],[135.40224,34.62065],[135.40223,34.62064],[135.40226,34.62062],[135.40227,34.62062],[135.40379,34.61972],[135.40399,34.61972],[135.404,34.61971],[135.40406,34.61971],[135.40406,34.61972],[135.40444,34.61972],[135.40462,34.61954],[135.4047,34.61954],[135.4047,34.61952],[135.4047,34.61946],[135.40474,34.61942],[135.40476,34.61942],[135.40475,34.61941],[135.4048,34.61936],[135.40488,34.6193],[135.40497,34.6193],[135.40497,34.61932],[135.405,34.61932],[135.405,34.6193],[135.40519,34.6193],[135.40519,34.61932],[135.40522,34.61932],[135.40522,34.6193],[135.40525,34.6193],[135.40525,34.61932],[135.40528,34.61932],[135.40528,34.6193],[135.40541,34.6193],[135.40541,34.61932],[135.40544,34.61932],[135.40544,34.6193],[135.40554,34.6193],[135.40561,34.61937],[135.4057,34.61947],[135.40571,34.61952],[135.40571,34.61954],[135.40578,34.61954],[135.40597,34.61972],[135.40828,34.61972],[135.40833,34.61972],[135.40854,34.61972],[135.41003,34.61972],[135.41112,34.61972],[135.41206,34.61971],[135.41233,34.6197],[135.41306,34.61962],[135.41373,34.61954],[135.41478,34.61942],[135.41479,34.61948],[135.41487,34.61947],[135.4149,34.61948],[135.415,34.61946],[135.41502,34.61956],[135.41492,34.61957],[135.41489,34.61959],[135.41481,34.6196],[135.41483,34.61971],[135.41646,34.61953],[135.41667,34.6195],[135.41705,34.61946],[135.41708,34.61971],[135.41769,34.61963],[135.41793,34.6196],[135.41812,34.61959],[135.41843,34.61955],[135.41846,34.61943],[135.41888,34.61805],[135.41893,34.61789],[135.41895,34.61782],[135.4192,34.61699],[135.4193,34.61667],[135.41955,34.6158],[135.42023,34.61355],[135.42043,34.61292],[135.41916,34.61266],[135.41916,34.61188],[135.41916,34.61169],[135.41916,34.61088],[135.42068,34.61088],[135.42068,34.61078],[135.41908,34.61078],[135.41903,34.61078],[135.41903,34.6108],[135.41898,34.6108],[135.41898,34.61079],[135.41761,34.61079],[135.41761,34.6108],[135.41755,34.6108],[135.41755,34.61079],[135.41752,34.61079],[135.41733,34.61128],[135.41708,34.61194],[135.41706,34.61199],[135.41708,34.612],[135.41706,34.61206],[135.41704,34.61206],[135.41702,34.61209],[135.41667,34.61209],[135.41651,34.61209],[135.41552,34.61209],[135.41458,34.61209],[135.41359,34.61209],[135.41133,34.61209],[135.41118,34.61209],[135.40833,34.61209],[135.40669,34.61209],[135.40373,34.61209],[135.40283,34.61209],[135.40284,34.61206],[135.40139,34.61087],[135.40142,34.61085],[135.40128,34.61073],[135.40119,34.61082],[135.40265,34.61203],[135.40264,34.61207],[135.4027,34.61208],[135.40268,34.61211],[135.40267,34.61211],[135.40203,34.61374],[135.40205,34.61375],[135.40204,34.61378],[135.40203,34.61377],[135.40145,34.61528],[135.40146,34.61529],[135.40145,34.61531],[135.40144,34.6153],[135.4009,34.61667],[135.40083,34.61684],[135.40083,34.61687],[135.40064,34.61735],[135.4007,34.61737],[135.40062,34.61757],[135.40074,34.61761],[135.4008,34.61763],[135.40082,34.61765],[135.40077,34.61768],[135.40103,34.61799],[135.40122,34.61821],[135.40114,34.61842],[135.40083,34.61851],[135.4004,34.61864],[135.40042,34.61869],[135.40038,34.61869],[135.40029,34.61867],[135.40022,34.61865],[135.4002,34.61871],[135.4002,34.61873],[135.40019,34.61873],[135.4,34.61923],[135.39996,34.61934],[135.39984,34.61963],[135.39944,34.62066],[135.39932,34.62075],[135.39711,34.62245],[135.39381,34.625],[135.39167,34.62665]],[[135.4,34.6314],[135.3986,34.63136],[135.3986,34.63132],[135.39667,34.62878],[135.3967,34.62876],[135.39666,34.62871],[135.39662,34.62866],[135.39659,34.62862],[135.39649,34.62868],[135.3985,34.63134],[135.39851,34.63286],[135.39851,34.63333],[135.39851,34.63581],[135.39851,34.63598],[135.39851,34.6381],[135.39848,34.63811],[135.39845,34.63813],[135.3984,34.63815],[135.39831,34.6382],[135.39823,34.63826],[135.39816,34.6383],[135.3981,34.63835],[135.39804,34.6384],[135.39796,34.63847],[135.39789,34.63854],[135.39784,34.63859],[135.39778,34.63866],[135.39773,34.63872],[135.3977,34.63875],[135.3978,34.63881],[135.39788,34.63872],[135.39784,34.6387],[135.39789,34.63864],[135.39795,34.63858],[135.398,34.63852],[135.39806,34.63847],[135.39813,34.63841],[135.39819,34.63836],[135.39824,34.63833],[135.39828,34.6383],[135.39836,34.63825],[135.39844,34.6382],[135.39846,34.63819],[135.39851,34.63817],[135.39867,34.6384],[135.39878,34.63856],[135.4,34.63899],[135.40172,34.6396],[135.40181,34.63963],[135.40192,34.6396],[135.4021,34.63955],[135.40219,34.63953],[135.4023,34.6395],[135.40248,34.63947],[135.40261,34.63944],[135.40275,34.63942],[135.40287,34.6394],[135.40302,34.63939],[135.40315,34.63938],[135.40328,34.63937],[135.40348,34.63936],[135.40363,34.63936],[135.40375,34.63936],[135.40387,34.63936],[135.40398,34.63937],[135.40405,34.63937],[135.40411,34.63938],[135.40417,34.63939],[135.4043,34.63942],[135.40437,34.63943],[135.40445,34.63946],[135.4046,34.6395],[135.40468,34.63952],[135.40477,34.63956],[135.40483,34.63959],[135.40488,34.63961],[135.40495,34.63966],[135.40499,34.63968],[135.40505,34.63972],[135.40508,34.63976],[135.40513,34.6398],[135.40518,34.63985],[135.40522,34.6399],[135.40525,34.63995],[135.40529,34.64],[135.40532,34.64005],[135.40534,34.6401],[135.40537,34.64016],[135.40539,34.64023],[135.4054,34.64029],[135.40541,34.64036],[135.40542,34.64041],[135.40542,34.64046],[135.40541,34.64051],[135.40541,34.64057],[135.4054,34.6406],[135.40539,34.64065],[135.40538,34.64069],[135.40536,34.64072],[135.40535,34.64077],[135.40533,34.64081],[135.4053,34.64086],[135.40567,34.641],[135.40758,34.64167],[135.40812,34.64186],[135.40833,34.64193],[135.40937,34.6423],[135.41089,34.64284],[135.41089,34.64285],[135.41089,34.64286],[135.41091,34.64287],[135.41092,34.64287],[135.41094,34.64287],[135.41095,34.64286],[135.41096,34.64287],[135.41274,34.64349],[135.41273,34.6435],[135.41274,34.64352],[135.41275,34.64353],[135.41277,34.64353],[135.41279,34.64352],[135.4128,34.64352],[135.41479,34.64422],[135.41479,34.64423],[135.41479,34.64424],[135.41481,34.64425],[135.41482,34.64426],[135.41484,34.64425],[135.41485,34.64424],[135.41582,34.64459],[135.41582,34.6446],[135.41582,34.64461],[135.41583,34.64462],[135.41585,34.64462],[135.41586,34.64462],[135.41588,34.64461],[135.41647,34.64482],[135.41667,34.64476],[135.41692,34.64469],[135.41691,34.64468],[135.41698,34.64459],[135.41717,34.64437],[135.41724,34.64428],[135.41735,34.64414],[135.41741,34.64417],[135.41741,34.64416],[135.41787,34.64441],[135.41811,34.64434],[135.41812,34.64435],[135.42422,34.64265],[135.42486,34.64276],[135.42485,34.64278],[135.425,34.6428],[135.42861,34.6434],[135.42992,34.64362],[135.43235,34.64402],[135.43235,34.64401],[135.43243,34.64403],[135.43243,34.64402],[135.43246,34.64402],[135.43246,34.64398],[135.43244,34.64398],[135.43246,34.64391],[135.43277,34.64396],[135.43278,34.64396],[135.43278,34.64397],[135.43287,34.64398],[135.43288,34.64392],[135.43279,34.6439],[135.43278,34.64394],[135.43277,34.64394],[135.43247,34.64389],[135.43248,34.64384],[135.43239,34.64383],[135.43248,34.64344],[135.43254,34.64322],[135.43277,34.64324],[135.4328,34.64325],[135.4328,34.64342],[135.43279,34.64342],[135.43279,34.64351],[135.43333,34.6435],[135.43396,34.64349],[135.43396,34.6434],[135.43395,34.6434],[135.43394,34.64323],[135.434,34.64322],[135.43423,34.64319],[135.43424,34.64318],[135.4343,34.64338],[135.43423,34.64339],[135.43424,34.64343],[135.43428,34.64342],[135.43427,34.6434],[135.43444,34.64337],[135.43445,34.64339],[135.43449,34.64338],[135.43448,34.64335],[135.4344,34.64336],[135.43435,34.64316],[135.43443,34.64314],[135.43464,34.64309],[135.43482,34.64304],[135.43499,34.64298],[135.43518,34.6429],[135.43537,34.64282],[135.43647,34.64233],[135.43667,34.64225],[135.43795,34.64167],[135.43824,34.64154],[135.43841,34.64147],[135.43839,34.64142],[135.43825,34.64148],[135.43834,34.64109],[135.4393,34.64121],[135.44031,34.63618],[135.44087,34.63333],[135.44093,34.63306],[135.44167,34.62935],[135.4417,34.62921],[135.44186,34.6284],[135.44167,34.62832],[135.44166,34.62831],[135.44158,34.62874],[135.44064,34.6282],[135.4407,34.62794],[135.43364,34.62511],[135.43357,34.625],[135.43333,34.62462],[135.43324,34.62447],[135.4329,34.62433],[135.43274,34.62426],[135.43266,34.62422],[135.43179,34.62442],[135.4318,34.62438],[135.4314,34.62428],[135.43142,34.62423],[135.43135,34.62421],[135.43131,34.6243],[135.43006,34.62397],[135.42737,34.62327],[135.42689,34.62314],[135.42637,34.62301],[135.425,34.62265],[135.42475,34.62259],[135.42407,34.6224],[135.42338,34.62221],[135.42264,34.62201],[135.42226,34.62191],[135.42224,34.6219],[135.42221,34.6219],[135.42215,34.6219],[135.42213,34.62191],[135.42212,34.62192],[135.4221,34.62195],[135.42187,34.62257],[135.42091,34.625],[135.42057,34.62585],[135.41667,34.62586],[135.41278,34.62586],[135.41108,34.62586],[135.41043,34.62587],[135.41025,34.62595],[135.40833,34.62835],[135.40821,34.6285],[135.40747,34.62943],[135.40748,34.6295],[135.4082,34.63002],[135.40833,34.63012],[135.41104,34.63208],[135.41219,34.63292],[135.41275,34.63333],[135.4148,34.63482],[135.41349,34.63606],[135.41228,34.6372],[135.41166,34.63675],[135.41165,34.63676],[135.41163,34.63674],[135.41164,34.63673],[135.41101,34.63628],[135.41068,34.63604],[135.40998,34.63553],[135.40833,34.63434],[135.40817,34.63422],[135.40695,34.63333],[135.40635,34.63289],[135.4045,34.63154],[135.4,34.6314]],[[135.40499,34.64012],[135.40499,34.64009],[135.40499,34.64007],[135.40498,34.64005],[135.40498,34.64003],[135.40497,34.64001],[135.40496,34.63999],[135.40495,34.63997],[135.40494,34.63995],[135.40492,34.63993],[135.40491,34.63991],[135.40489,34.6399],[135.40487,34.63988],[135.40485,34.63987],[135.40483,34.63985],[135.40481,34.63984],[135.40479,34.63983],[135.40477,34.63982],[135.40474,34.63981],[135.40472,34.6398],[135.40469,34.6398],[135.40467,34.63979],[135.40464,34.63979],[135.40461,34.63979],[135.40459,34.63978],[135.40456,34.63979],[135.40454,34.63979],[135.40451,34.63979],[135.40448,34.6398],[135.40446,34.6398],[135.40444,34.63981],[135.40441,34.63982],[135.40439,34.63983],[135.40437,34.63984],[135.40435,34.63986],[135.40433,34.63987],[135.40431,34.63989],[135.40429,34.6399],[135.40427,34.63992],[135.40426,34.63994],[135.40424,34.63996],[135.40423,34.63997],[135.40422,34.63999],[135.40421,34.64002],[135.40421,34.64004],[135.4042,34.64006],[135.4042,34.64008],[135.4042,34.6401],[135.4042,34.64012],[135.4042,34.64014],[135.4042,34.64017],[135.40421,34.64019],[135.40421,34.64021],[135.40422,34.64023],[135.40423,34.64025],[135.40424,34.64027],[135.40425,34.64029],[135.40427,34.64031],[135.40429,34.64032],[135.4043,34.64034],[135.40432,34.64035],[135.40434,34.64037],[135.40436,34.64038],[135.40438,34.64039],[135.40441,34.6404],[135.40443,34.64041],[135.40446,34.64042],[135.40448,34.64043],[135.40451,34.64043],[135.40453,34.64044],[135.40456,34.64044],[135.40458,34.64044],[135.40461,34.64044],[135.40464,34.64044],[135.40466,34.64044],[135.40469,34.64043],[135.40471,34.64043],[135.40474,34.64042],[135.40476,34.64041],[135.40479,34.6404],[135.40481,34.64039],[135.40483,34.64038],[135.40485,34.64036],[135.40487,34.64035],[135.40489,34.64033],[135.40491,34.64032],[135.40492,34.6403],[135.40493,34.64028],[135.40495,34.64026],[135.40496,34.64024],[135.40497,34.64022],[135.40498,34.6402],[135.40498,34.64018],[135.40499,34.64016],[135.40499,34.64014],[135.40499,34.64012]],[[135.44167,34.60825],[135.44134,34.60824],[135.439,34.60821],[135.43813,34.60819],[135.43755,34.60817],[135.43755,34.60833],[135.43755,34.60845],[135.4375,34.61077],[135.43471,34.61077],[135.43458,34.61077],[135.43333,34.61077],[135.43332,34.61077],[135.43325,34.61077],[135.43315,34.61077],[135.43299,34.61077],[135.43162,34.61076],[135.43015,34.61076],[135.42774,34.61078],[135.425,34.61078],[135.424,34.61078],[135.42341,34.61077],[135.42342,34.61169],[135.42342,34.61187],[135.42342,34.61195],[135.42342,34.61356],[135.42342,34.61582],[135.42342,34.61667],[135.42342,34.61807],[135.42343,34.61898],[135.42367,34.61916],[135.42464,34.61869],[135.425,34.61852],[135.42612,34.61798],[135.42625,34.61667],[135.42648,34.61445],[135.42663,34.61304],[135.42661,34.61304],[135.42662,34.61303],[135.42863,34.61303],[135.42973,34.61303],[135.42979,34.61303],[135.43013,34.61303],[135.43149,34.61303],[135.43296,34.61302],[135.43296,34.61307],[135.43297,34.6142],[135.43297,34.61441],[135.43297,34.61496],[135.43297,34.61501],[135.43296,34.61501],[135.43203,34.61536],[135.43068,34.61585],[135.43019,34.61604],[135.43018,34.61667],[135.43017,34.61758],[135.43017,34.61763],[135.43018,34.61766],[135.43155,34.61735],[135.43161,34.61734],[135.43167,34.61733],[135.43174,34.61754],[135.43166,34.61827],[135.43164,34.61827],[135.43159,34.61828],[135.43155,34.61829],[135.43159,34.61842],[135.43162,34.61851],[135.43162,34.61855],[135.43057,34.61878],[135.4306,34.61887],[135.4306,34.61889],[135.43063,34.61896],[135.43152,34.61877],[135.43153,34.61881],[135.43156,34.61891],[135.43158,34.61898],[135.43152,34.61947],[135.4315,34.61947],[135.43146,34.61948],[135.43143,34.61949],[135.43144,34.61949],[135.4315,34.6197],[135.43026,34.61997],[135.43029,34.62006],[135.43029,34.62008],[135.43031,34.62015],[135.43137,34.61992],[135.43145,34.62017],[135.43142,34.62048],[135.43137,34.62086],[135.43134,34.62086],[135.43132,34.62087],[135.43128,34.62088],[135.43136,34.62114],[135.43116,34.62119],[135.43031,34.62138],[135.43033,34.62144],[135.43033,34.62146],[135.43036,34.62154],[135.43124,34.62135],[135.43132,34.62158],[135.43129,34.62181],[135.43099,34.62258],[135.43101,34.62259],[135.43132,34.62182],[135.43167,34.62191],[135.43168,34.62189],[135.43172,34.6219],[135.43171,34.62192],[135.43173,34.62192],[135.43184,34.62195],[135.43185,34.62194],[135.43188,34.62194],[135.43188,34.62196],[135.4319,34.62197],[135.43202,34.622],[135.43203,34.62199],[135.43207,34.62199],[135.43206,34.62201],[135.43208,34.62202],[135.43219,34.62205],[135.4322,34.62203],[135.43224,34.62204],[135.43224,34.62206],[135.43226,34.62207],[135.43236,34.62209],[135.43237,34.62207],[135.43242,34.62208],[135.43241,34.6221],[135.43243,34.62211],[135.43254,34.62214],[135.43254,34.62212],[135.43258,34.62213],[135.43257,34.62215],[135.4326,34.62215],[135.4327,34.62218],[135.43271,34.62217],[135.43276,34.62218],[135.43275,34.62219],[135.43277,34.6222],[135.43288,34.62223],[135.43289,34.62221],[135.43292,34.62222],[135.43293,34.62222],[135.43292,34.62224],[135.43294,34.62225],[135.43309,34.62229],[135.43306,34.62237],[135.43305,34.62239],[135.43307,34.6224],[135.43306,34.62242],[135.43304,34.62241],[135.43299,34.62255],[135.43298,34.62258],[135.433,34.62258],[135.43299,34.62261],[135.43298,34.6226],[135.43297,34.62263],[135.43292,34.62274],[135.43294,34.62274],[135.43293,34.62276],[135.43291,34.62276],[135.43273,34.62321],[135.43175,34.62283],[135.43174,34.62285],[135.43291,34.62333],[135.43308,34.6234],[135.43333,34.6235],[135.43359,34.6236],[135.43418,34.62337],[135.4342,34.62336],[135.43424,34.62335],[135.43462,34.6235],[135.43557,34.62388],[135.43697,34.62444],[135.43774,34.62475],[135.43779,34.62478],[135.43785,34.6248],[135.43836,34.625],[135.43896,34.62524],[135.43903,34.62527],[135.43961,34.6255],[135.44021,34.62574],[135.44061,34.6259],[135.4413,34.62618],[135.44131,34.62617],[135.44144,34.62544],[135.44167,34.62542],[135.44304,34.62529],[135.44304,34.62525],[135.44208,34.62534],[135.44208,34.62533],[135.44202,34.62533],[135.44202,34.62535],[135.44167,34.62538],[135.44144,34.62541],[135.44153,34.625],[135.44167,34.62434],[135.44202,34.62267],[135.44211,34.62222],[135.44209,34.62221],[135.44246,34.62037],[135.4425,34.62017],[135.44263,34.61954],[135.44263,34.61952],[135.44281,34.61861],[135.44291,34.61812],[135.44479,34.61839],[135.4453,34.6183],[135.44685,34.618],[135.44748,34.61788],[135.44748,34.6179],[135.44757,34.61788],[135.44758,34.61801],[135.44759,34.61804],[135.4476,34.61806],[135.44761,34.61807],[135.44763,34.61808],[135.44764,34.61808],[135.44767,34.61848],[135.44771,34.61885],[135.4477,34.61885],[135.44769,34.61887],[135.44769,34.61889],[135.44777,34.61945],[135.44779,34.61957],[135.44785,34.62002],[135.44793,34.62064],[135.44801,34.62126],[135.44809,34.62181],[135.44772,34.62182],[135.44756,34.62183],[135.44736,34.62182],[135.44724,34.62182],[135.44714,34.62181],[135.44715,34.62185],[135.44717,34.62205],[135.44717,34.62208],[135.44738,34.62208],[135.44765,34.62208],[135.44783,34.62208],[135.44804,34.62207],[135.44811,34.62207],[135.44818,34.6227],[135.44824,34.62314],[135.44815,34.62314],[135.44816,34.6232],[135.44824,34.62319],[135.44833,34.62385],[135.44841,34.62451],[135.44843,34.62468],[135.44834,34.62469],[135.44834,34.62468],[135.44814,34.62471],[135.44794,34.62475],[135.4477,34.62479],[135.44771,34.62481],[135.44769,34.62482],[135.44752,34.62483],[135.44752,34.62486],[135.44769,34.62485],[135.4484,34.62472],[135.44845,34.6248],[135.44846,34.625],[135.44849,34.62647],[135.44858,34.62643],[135.44876,34.62635],[135.44943,34.6261],[135.44966,34.62602],[135.44985,34.62595],[135.45,34.62589],[135.45009,34.62586],[135.45044,34.62572],[135.45066,34.62565],[135.45133,34.62544],[135.45153,34.62538],[135.45207,34.62522],[135.45241,34.62513],[135.45284,34.62501],[135.45289,34.625],[135.45292,34.62499],[135.45307,34.62495],[135.45328,34.62491],[135.4537,34.62481],[135.45393,34.62475],[135.45413,34.62471],[135.45457,34.62467],[135.45488,34.62466],[135.45522,34.62464],[135.45555,34.62462],[135.45577,34.62462],[135.45593,34.62461],[135.45596,34.62461],[135.4568,34.62469],[135.45774,34.62479],[135.45833,34.62488],[135.45869,34.62493],[135.45908,34.625],[135.45962,34.6251],[135.46074,34.62529],[135.46199,34.62555],[135.46205,34.62556],[135.46239,34.62563],[135.46245,34.62564],[135.46314,34.62578],[135.46326,34.6258],[135.46378,34.6259],[135.46411,34.62596],[135.46543,34.62625],[135.4665,34.62646],[135.46667,34.62649],[135.4675,34.62665],[135.46808,34.62678],[135.46887,34.62696],[135.46948,34.62713],[135.46954,34.62714],[135.46968,34.62716],[135.47011,34.6273],[135.47061,34.62746],[135.47121,34.6277],[135.47126,34.62772],[135.47138,34.62777],[135.47148,34.62782],[135.47157,34.62786],[135.47171,34.62793],[135.47188,34.62802],[135.47226,34.62824],[135.47227,34.62825],[135.47244,34.62837],[135.47267,34.62855],[135.47275,34.6286],[135.47302,34.62885],[135.47311,34.62893],[135.47335,34.62915],[135.47368,34.62946],[135.4737,34.62944],[135.47381,34.62935],[135.47458,34.62868],[135.475,34.62832],[135.47534,34.62802],[135.47549,34.62789],[135.47621,34.62726],[135.47633,34.62711],[135.4764,34.62703],[135.47792,34.62628],[135.4789,34.62581],[135.4793,34.62562],[135.47942,34.62556],[135.47948,34.62553],[135.47969,34.62543],[135.47974,34.62541],[135.47977,34.62539],[135.48012,34.62522],[135.48029,34.62514],[135.48059,34.625],[135.48094,34.62483],[135.48126,34.62466],[135.48152,34.62453],[135.48158,34.62446],[135.48164,34.62439],[135.48186,34.62357],[135.48187,34.62352],[135.48192,34.62331],[135.48193,34.62328],[135.48208,34.62266],[135.48216,34.62235],[135.48221,34.62213],[135.48226,34.62188],[135.48228,34.62181],[135.48231,34.62164],[135.48276,34.6217],[135.48306,34.62175],[135.48333,34.6218],[135.48366,34.62186],[135.48379,34.62188],[135.48383,34.62189],[135.48403,34.62192],[135.48469,34.62203],[135.48478,34.62205],[135.485,34.62208],[135.48537,34.62216],[135.48603,34.62229],[135.48636,34.62235],[135.48644,34.62236],[135.48658,34.62239],[135.48676,34.62242],[135.4873,34.62252],[135.48785,34.6226],[135.48812,34.62264],[135.48906,34.6228],[135.48925,34.62283],[135.48933,34.62284],[135.4895,34.62287],[135.48989,34.62295],[135.4902,34.62312],[135.49021,34.62312],[135.49037,34.62321],[135.4905,34.62328],[135.49056,34.62331],[135.49096,34.62353],[135.49146,34.62356],[135.49156,34.62357],[135.49167,34.62356],[135.49173,34.62355],[135.49201,34.62353],[135.49217,34.62351],[135.49223,34.62351],[135.49248,34.62348],[135.49284,34.62345],[135.49279,34.62328],[135.49279,34.62327],[135.49259,34.62265],[135.49254,34.62248],[135.49252,34.6224],[135.49225,34.62146],[135.49224,34.62144],[135.49223,34.6214],[135.49222,34.62137],[135.49219,34.62127],[135.49204,34.62072],[135.49187,34.62005],[135.49184,34.61994],[135.49181,34.61984],[135.4918,34.6198],[135.49179,34.61976],[135.49175,34.61961],[135.49169,34.61939],[135.49167,34.61934],[135.49167,34.61932],[135.49166,34.61932],[135.49162,34.61918],[135.49153,34.61889],[135.49152,34.61886],[135.49147,34.61872],[135.49139,34.61843],[135.49139,34.6184],[135.49137,34.61835],[135.4913,34.61808],[135.49128,34.61785],[135.4913,34.61761],[135.49129,34.61734],[135.4912,34.61703],[135.49112,34.6168],[135.49109,34.61667],[135.49097,34.61615],[135.49091,34.6159],[135.49087,34.61571],[135.49055,34.61461],[135.49045,34.61428],[135.49033,34.61381],[135.49028,34.61364],[135.49023,34.61336],[135.49016,34.61312],[135.49012,34.61302],[135.48994,34.61257],[135.48986,34.61239],[135.48983,34.61231],[135.48982,34.61227],[135.48966,34.6117],[135.48958,34.61138],[135.48956,34.6113],[135.48953,34.61121],[135.48953,34.6112],[135.48945,34.61094],[135.48938,34.6107],[135.48937,34.61066],[135.48933,34.61052],[135.48928,34.61033],[135.48932,34.61032],[135.48977,34.61021],[135.48979,34.6102],[135.48996,34.61015],[135.49,34.61013],[135.49005,34.61012],[135.49018,34.61008],[135.49047,34.61002],[135.49053,34.61001],[135.49057,34.61],[135.49084,34.60995],[135.49099,34.60992],[135.49094,34.60974],[135.49085,34.60942],[135.49082,34.60926],[135.4908,34.60918],[135.4907,34.60877],[135.49069,34.60873],[135.49069,34.60871],[135.49068,34.60869],[135.49059,34.60833],[135.49041,34.60769],[135.49039,34.60762],[135.4901,34.60654],[135.49009,34.6065],[135.49008,34.60645],[135.49006,34.6064],[135.48986,34.60553],[135.48985,34.6055],[135.48978,34.60519],[135.48973,34.60498],[135.48969,34.60478],[135.48952,34.60405],[135.4894,34.60358],[135.48938,34.60353],[135.48937,34.60348],[135.489,34.60199],[135.48877,34.60111],[135.48867,34.6008],[135.48866,34.60076],[135.48864,34.60071],[135.48859,34.60055],[135.48857,34.60048],[135.48855,34.60042],[135.48847,34.60018],[135.48846,34.60013],[135.48844,34.60007],[135.48842,34.6],[135.48839,34.59992],[135.48825,34.59955],[135.48824,34.59952],[135.48823,34.59948],[135.48811,34.59918],[135.48809,34.59912],[135.48793,34.59871],[135.48775,34.59824],[135.48772,34.59815],[135.48769,34.59806],[135.48767,34.59802],[135.48741,34.59727],[135.48739,34.59723],[135.48739,34.59721],[135.48729,34.59695],[135.48722,34.59674],[135.48702,34.59617],[135.48698,34.59606],[135.48697,34.59605],[135.48696,34.59601],[135.48634,34.59613],[135.48558,34.59626],[135.48472,34.59641],[135.48458,34.59644],[135.48386,34.59658],[135.4837,34.59661],[135.48338,34.59669],[135.48333,34.5967],[135.48319,34.59673],[135.48275,34.59684],[135.48264,34.59686],[135.48249,34.59689],[135.48223,34.59693],[135.48155,34.59712],[135.4804,34.59747],[135.48028,34.5975],[135.47977,34.59767],[135.4784,34.59812],[135.47816,34.5982],[135.47747,34.59847],[135.47648,34.59884],[135.4764,34.59887],[135.47599,34.59902],[135.4758,34.5991],[135.475,34.59942],[135.4742,34.59975],[135.47401,34.59982],[135.47383,34.59991],[135.47363,34.6],[135.47336,34.60012],[135.47246,34.60055],[135.47191,34.60083],[135.47161,34.60098],[135.47132,34.60113],[135.47124,34.60116],[135.47117,34.60119],[135.47089,34.60129],[135.47005,34.6016],[135.46957,34.60177],[135.46938,34.60185],[135.46936,34.60185],[135.46884,34.60202],[135.46847,34.60213],[135.4684,34.60215],[135.46806,34.60224],[135.46746,34.6024],[135.46725,34.60247],[135.46667,34.60264],[135.46653,34.60268],[135.46649,34.60269],[135.46636,34.60272],[135.46617,34.60279],[135.46597,34.60285],[135.46476,34.60318],[135.4643,34.6033],[135.4641,34.60335],[135.46389,34.60342],[135.46372,34.60347],[135.46275,34.60374],[135.46201,34.60397],[135.46178,34.60404],[135.46168,34.60408],[135.46161,34.6041],[135.46138,34.60417],[135.45979,34.60465],[135.45909,34.60488],[135.45858,34.60502],[135.45833,34.60509],[135.45808,34.60516],[135.45641,34.60566],[135.45607,34.60576],[135.45509,34.60605],[135.45436,34.60626],[135.45357,34.60647],[135.4526,34.60674],[135.45077,34.60722],[135.45015,34.60738],[135.45,34.60742],[135.44961,34.60752],[135.44807,34.60792],[135.44719,34.60813],[135.44654,34.60833],[135.44467,34.60832],[135.44246,34.60828],[135.44167,34.60825]],[[135.44387,34.62521],[135.44386,34.62516],[135.44346,34.6252],[135.44338,34.62521],[135.44339,34.62525],[135.44387,34.62521]]]]}},{"type":"Feature","properties":{"code":"27126","name":"平野区"},"geometry":{"type":"MultiPolygon","coordinates":[[[[135.5435,34.59879],[135.5435,34.59884],[135.54348,34.59899],[135.54347,34.59903],[135.54347,34.5993],[135.54346,34.59942],[135.5436,34.59964],[135.54361,34.6],[135.54362,34.60018],[135.54362,34.60027],[135.54362,34.60032],[135.54362,34.60042],[135.54363,34.6005],[135.54363,34.60061],[135.54363,34.60065],[135.54363,34.60066],[135.54363,34.60251],[135.54363,34.60286],[135.54364,34.60304],[135.54364,34.60376],[135.54364,34.60437],[135.54363,34.60487],[135.54361,34.60572],[135.5436,34.60599],[135.5436,34.60622],[135.54363,34.60738],[135.54365,34.60798],[135.54365,34.60806],[135.54365,34.60807],[135.54365,34.60815],[135.54365,34.60824],[135.54365,34.60828],[135.54364,34.60833],[135.54364,34.60849],[135.54364,34.60924],[135.54363,34.60932],[135.54363,34.60942],[135.54313,34.60942],[135.54306,34.60942],[135.54282,34.60942],[135.54275,34.60942],[135.54167,34.60944],[135.54087,34.60945],[135.54088,34.60968],[135.5409,34.60996],[135.54091,34.61075],[135.54091,34.61093],[135.54091,34.61106],[135.54092,34.61146],[135.54092,34.61178],[135.54095,34.61266],[135.54096,34.61279],[135.54096,34.61292],[135.54097,34.61318],[135.54101,34.61365],[135.54106,34.61402],[135.54107,34.61424],[135.54103,34.61447],[135.54103,34.6145],[135.54087,34.61493],[135.54081,34.61512],[135.54079,34.6155],[135.54079,34.61667],[135.54079,34.61736],[135.54079,34.618],[135.54079,34.61815],[135.54079,34.61819],[135.54079,34.61861],[135.54079,34.61865],[135.5408,34.61877],[135.5408,34.61905],[135.5408,34.61923],[135.5408,34.6193],[135.54079,34.61938],[135.54079,34.61967],[135.54077,34.62037],[135.54076,34.62092],[135.54076,34.62108],[135.54076,34.62141],[135.54076,34.62178],[135.54076,34.62298],[135.54076,34.62325],[135.54075,34.62354],[135.54075,34.62362],[135.54074,34.62398],[135.54074,34.62407],[135.54074,34.6245],[135.54073,34.6248],[135.54073,34.62495],[135.54073,34.625],[135.54074,34.62526],[135.54146,34.62526],[135.54157,34.62526],[135.54167,34.62526],[135.54208,34.62526],[135.54231,34.62526],[135.54241,34.62527],[135.54247,34.62527],[135.54257,34.62527],[135.54355,34.62527],[135.54368,34.62527],[135.54368,34.6254],[135.54368,34.62591],[135.54368,34.626],[135.54368,34.62608],[135.54368,34.62635],[135.54368,34.62669],[135.54369,34.62777],[135.54369,34.6278],[135.54369,34.6282],[135.5437,34.62842],[135.5437,34.62856],[135.5437,34.63041],[135.5437,34.63065],[135.5437,34.63068],[135.54371,34.63099],[135.54371,34.63143],[135.54371,34.63148],[135.54372,34.63191],[135.54373,34.63222],[135.54375,34.63227],[135.54377,34.63233],[135.54382,34.63247],[135.54417,34.63281],[135.54423,34.63288],[135.54438,34.63302],[135.5444,34.63305],[135.54445,34.63309],[135.54469,34.63333],[135.54479,34.63344],[135.54483,34.63347],[135.54491,34.63355],[135.54526,34.6339],[135.5454,34.63404],[135.54601,34.63465],[135.5461,34.63474],[135.54618,34.63482],[135.54684,34.63549],[135.54721,34.63586],[135.54726,34.63591],[135.54761,34.63627],[135.54766,34.63632],[135.54773,34.63639],[135.54873,34.6359],[135.54907,34.63562],[135.54911,34.63557],[135.54943,34.63522],[135.54948,34.63516],[135.54954,34.6351],[135.55,34.63462],[135.55002,34.6346],[135.55051,34.63421],[135.55057,34.63417],[135.55097,34.63385],[135.55128,34.63364],[135.55169,34.63342],[135.55196,34.63333],[135.55224,34.63324],[135.55254,34.63318],[135.55277,34.63317],[135.553,34.63318],[135.55369,34.63323],[135.55384,34.63324],[135.55394,34.63325],[135.55437,34.6333],[135.55437,34.63333],[135.55437,34.63364],[135.55423,34.63426],[135.55419,34.63433],[135.55416,34.6344],[135.55412,34.63446],[135.55408,34.63456],[135.55402,34.63459],[135.5534,34.6346],[135.5533,34.6346],[135.55328,34.6346],[135.55322,34.63461],[135.55312,34.63462],[135.5531,34.63465],[135.55303,34.63472],[135.55295,34.6354],[135.55293,34.6356],[135.55264,34.6356],[135.55258,34.63612],[135.55258,34.63619],[135.55259,34.63629],[135.55261,34.6367],[135.55304,34.63673],[135.553,34.63835],[135.55392,34.63842],[135.55406,34.63843],[135.55402,34.63892],[135.55402,34.63897],[135.554,34.63914],[135.55396,34.63982],[135.55395,34.64003],[135.55389,34.64098],[135.55388,34.64111],[135.55386,34.64136],[135.55419,34.64138],[135.55418,34.64167],[135.55417,34.64205],[135.55417,34.64208],[135.55415,34.6425],[135.55415,34.64254],[135.55414,34.64288],[135.55412,34.64312],[135.55412,34.64315],[135.55412,34.64317],[135.55407,34.64404],[135.55447,34.64406],[135.55451,34.64406],[135.55511,34.64409],[135.55583,34.64412],[135.55709,34.64417],[135.55729,34.64418],[135.55731,34.64345],[135.55768,34.64345],[135.55833,34.64347],[135.55877,34.64349],[135.56086,34.64354],[135.56102,34.64355],[135.56114,34.64355],[135.56115,34.64341],[135.56115,34.64337],[135.56118,34.64282],[135.5612,34.64255],[135.56121,34.64235],[135.56121,34.64231],[135.56123,34.64204],[135.56125,34.64178],[135.56126,34.64167],[135.56127,34.64149],[135.56129,34.64084],[135.56432,34.64093],[135.56524,34.64096],[135.56528,34.64026],[135.56529,34.64002],[135.56533,34.63933],[135.56534,34.63908],[135.56538,34.63816],[135.56538,34.63807],[135.56564,34.63808],[135.56569,34.63808],[135.56667,34.63811],[135.5672,34.63813],[135.56728,34.63813],[135.56756,34.63814],[135.56841,34.63816],[135.56844,34.63751],[135.56844,34.63746],[135.56844,34.63744],[135.56845,34.6372],[135.56851,34.63584],[135.56854,34.63536],[135.56855,34.63499],[135.56856,34.63484],[135.56856,34.63481],[135.56858,34.63436],[135.56873,34.63437],[135.56916,34.63438],[135.56975,34.6344],[135.57156,34.63446],[135.57174,34.63447],[135.57175,34.63408],[135.57175,34.63391],[135.57209,34.63392],[135.57352,34.63396],[135.5746,34.63399],[135.57463,34.63333],[135.57468,34.63218],[135.57469,34.63203],[135.57482,34.63055],[135.575,34.63055],[135.57603,34.63054],[135.57602,34.63035],[135.57601,34.6302],[135.576,34.63014],[135.57591,34.62939],[135.57592,34.62915],[135.57595,34.62826],[135.57595,34.62782],[135.57609,34.62759],[135.57624,34.62731],[135.57633,34.62715],[135.5765,34.62679],[135.57658,34.62662],[135.57661,34.62657],[135.57663,34.62652],[135.57657,34.62643],[135.57649,34.6263],[135.57597,34.62548],[135.5758,34.625],[135.57559,34.62442],[135.57556,34.62434],[135.57555,34.62424],[135.57548,34.62359],[135.57548,34.62337],[135.57548,34.62285],[135.57548,34.6227],[135.57552,34.62229],[135.57553,34.62216],[135.57555,34.62182],[135.57555,34.6218],[135.57561,34.62099],[135.57562,34.62071],[135.57562,34.62041],[135.57512,34.6204],[135.575,34.62041],[135.57495,34.62041],[135.57494,34.62041],[135.57493,34.62018],[135.57492,34.61925],[135.575,34.61923],[135.5752,34.61918],[135.57519,34.61898],[135.57518,34.61824],[135.575,34.61827],[135.57487,34.61829],[135.5746,34.61834],[135.57444,34.61836],[135.57434,34.61838],[135.57425,34.6184],[135.57394,34.61845],[135.57362,34.61856],[135.5732,34.61876],[135.57313,34.6188],[135.57298,34.61889],[135.5728,34.61892],[135.57259,34.61896],[135.57227,34.61908],[135.57167,34.61926],[135.57081,34.61961],[135.57044,34.61973],[135.57018,34.61977],[135.57002,34.61982],[135.56968,34.61994],[135.56936,34.62006],[135.56919,34.62016],[135.56896,34.62013],[135.56829,34.62041],[135.56733,34.62081],[135.56706,34.62088],[135.56667,34.62094],[135.56664,34.62094],[135.56646,34.62106],[135.5663,34.62116],[135.56609,34.62126],[135.56591,34.62133],[135.56588,34.62134],[135.56568,34.62137],[135.56555,34.62137],[135.56538,34.62137],[135.56527,34.62134],[135.5651,34.6213],[135.56505,34.62128],[135.56494,34.62126],[135.5649,34.62125],[135.5647,34.62122],[135.56447,34.62127],[135.56416,34.62139],[135.56378,34.62128],[135.5636,34.62125],[135.5636,34.62154],[135.56355,34.62169],[135.56349,34.62176],[135.56343,34.62183],[135.56341,34.62185],[135.56299,34.62226],[135.56294,34.6223],[135.56276,34.62247],[135.56226,34.62286],[135.56226,34.62275],[135.56225,34.62269],[135.56224,34.62212],[135.5622,34.62161],[135.56216,34.6211],[135.56215,34.62098],[135.56215,34.62088],[135.56214,34.6208],[135.56213,34.62065],[135.56209,34.62016],[135.56205,34.6194],[135.56203,34.61832],[135.56206,34.61756],[135.56203,34.61737],[135.56197,34.61706],[135.56196,34.617],[135.56196,34.61699],[135.5622,34.61697],[135.56236,34.61695],[135.56307,34.61685],[135.56322,34.61682],[135.56342,34.61672],[135.56349,34.61667],[135.56377,34.61646],[135.56426,34.6166],[135.56427,34.6166],[135.56452,34.61663],[135.56492,34.61666],[135.56505,34.61665],[135.56516,34.61661],[135.56556,34.61631],[135.56577,34.61629],[135.56596,34.61627],[135.5661,34.61626],[135.56667,34.61593],[135.56696,34.61577],[135.56785,34.61573],[135.56801,34.61572],[135.56801,34.61485],[135.56908,34.61485],[135.56921,34.61485],[135.56924,34.61382],[135.56995,34.6138],[135.57016,34.6138],[135.57022,34.6138],[135.57036,34.6138],[135.57252,34.61376],[135.57279,34.61377],[135.57296,34.61378],[135.57341,34.6138],[135.57351,34.61381],[135.57392,34.61384],[135.5739,34.61392],[135.57386,34.61409],[135.57385,34.61411],[135.57385,34.61414],[135.57384,34.61426],[135.57383,34.61449],[135.57383,34.6145],[135.57387,34.61462],[135.57392,34.61473],[135.57398,34.61489],[135.57404,34.6153],[135.57392,34.61563],[135.57384,34.61578],[135.57358,34.61607],[135.57339,34.61632],[135.57327,34.61661],[135.57325,34.61667],[135.57319,34.61684],[135.57323,34.61704],[135.57332,34.61722],[135.57345,34.6173],[135.57352,34.61732],[135.57356,34.61726],[135.57352,34.61704],[135.57352,34.61687],[135.57355,34.6167],[135.57357,34.61667],[135.57368,34.61647],[135.57389,34.61619],[135.57412,34.61591],[135.57429,34.6157],[135.57454,34.61541],[135.57478,34.61511],[135.57493,34.61492],[135.575,34.61485],[135.575,34.61484],[135.57513,34.61477],[135.57541,34.61475],[135.57561,34.61475],[135.57686,34.61476],[135.57685,34.61384],[135.57685,34.61382],[135.57623,34.61377],[135.57623,34.61375],[135.57623,34.61373],[135.57626,34.61354],[135.57633,34.61323],[135.57631,34.61298],[135.57625,34.61263],[135.57629,34.61195],[135.57632,34.61196],[135.57641,34.61196],[135.57668,34.61196],[135.57703,34.61196],[135.57736,34.61196],[135.57767,34.61196],[135.57779,34.61196],[135.57794,34.61196],[135.57884,34.61197],[135.57921,34.61197],[135.57946,34.61197],[135.5795,34.61197],[135.57982,34.61197],[135.58009,34.61198],[135.5804,34.61198],[135.58062,34.61198],[135.58152,34.61199],[135.58175,34.612],[135.582,34.612],[135.58227,34.61203],[135.58232,34.61203],[135.58242,34.61203],[135.58262,34.61197],[135.58263,34.61194],[135.58268,34.61172],[135.58268,34.61169],[135.58272,34.61138],[135.5828,34.61102],[135.58292,34.6108],[135.58295,34.61077],[135.58321,34.61049],[135.58333,34.61036],[135.58337,34.61031],[135.58339,34.61029],[135.58355,34.61012],[135.58372,34.60997],[135.58395,34.60981],[135.58419,34.60956],[135.58434,34.60935],[135.58447,34.60919],[135.58463,34.60915],[135.58464,34.60914],[135.58481,34.6091],[135.58509,34.60908],[135.58585,34.60904],[135.58596,34.60904],[135.58657,34.60907],[135.58693,34.60914],[135.58699,34.60883],[135.58699,34.60856],[135.58698,34.60841],[135.58695,34.60833],[135.58692,34.60825],[135.58687,34.60815],[135.58683,34.60798],[135.58682,34.60793],[135.58683,34.60789],[135.58685,34.60777],[135.58698,34.60752],[135.58712,34.6073],[135.58726,34.60718],[135.58726,34.60717],[135.58728,34.60705],[135.5873,34.6068],[135.58731,34.6066],[135.58733,34.60543],[135.58733,34.60533],[135.58732,34.60474],[135.58724,34.60474],[135.58713,34.60474],[135.58601,34.60477],[135.58605,34.60397],[135.58591,34.60397],[135.58574,34.60396],[135.58556,34.60397],[135.58519,34.60402],[135.58497,34.60369],[135.58492,34.60369],[135.58364,34.60368],[135.58366,34.60283],[135.58333,34.6028],[135.58282,34.60275],[135.58241,34.60273],[135.58189,34.60271],[135.58156,34.60271],[135.58138,34.6027],[135.58133,34.60216],[135.58129,34.60179],[135.58131,34.60149],[135.58132,34.60127],[135.58133,34.6009],[135.58115,34.6009],[135.57997,34.60088],[135.57998,34.60066],[135.57999,34.60058],[135.58001,34.6],[135.58002,34.59987],[135.58002,34.59908],[135.58002,34.59844],[135.58,34.598],[135.58,34.59781],[135.58,34.5976],[135.58,34.5971],[135.58,34.59708],[135.57999,34.59692],[135.57999,34.59677],[135.57998,34.59663],[135.57998,34.59649],[135.57997,34.59633],[135.57997,34.59614],[135.57996,34.59607],[135.57995,34.59571],[135.57993,34.5954],[135.57992,34.59516],[135.57992,34.59492],[135.57992,34.59486],[135.57992,34.59467],[135.57992,34.59459],[135.57992,34.59445],[135.57992,34.59442],[135.57992,34.59425],[135.57992,34.59409],[135.5796,34.59406],[135.57919,34.59403],[135.57918,34.59402],[135.57849,34.59399],[135.57811,34.59401],[135.57725,34.59392],[135.57707,34.59385],[135.57698,34.59355],[135.57685,34.59313],[135.57683,34.59307],[135.57645,34.59314],[135.57588,34.5932],[135.57586,34.59321],[135.57557,34.59329],[135.57549,34.59331],[135.57526,34.59338],[135.57512,34.59341],[135.575,34.59345],[135.57473,34.5935],[135.57411,34.59363],[135.57353,34.59374],[135.57187,34.59404],[135.57177,34.59403],[135.57171,34.59397],[135.57171,34.5939],[135.57177,34.59363],[135.57183,34.59335],[135.57192,34.59305],[135.57189,34.593],[135.57177,34.59299],[135.57116,34.59314],[135.57108,34.59311],[135.57105,34.59306],[135.57096,34.59289],[135.57095,34.59286],[135.57198,34.59255],[135.57194,34.59238],[135.5719,34.59222],[135.5719,34.59221],[135.57157,34.59219],[135.57117,34.59215],[135.57092,34.59213],[135.57094,34.59167],[135.57096,34.59133],[135.571,34.5909],[135.57103,34.59066],[135.57103,34.59064],[135.57105,34.59041],[135.57099,34.59033],[135.57091,34.5902],[135.57091,34.59005],[135.57099,34.58976],[135.57098,34.58921],[135.57104,34.58896],[135.57112,34.58877],[135.57121,34.58857],[135.57122,34.58812],[135.57123,34.58782],[135.57119,34.58755],[135.57118,34.5874],[135.5711,34.5872],[135.57106,34.58692],[135.57094,34.58691],[135.57091,34.5869],[135.57073,34.58691],[135.57051,34.58692],[135.5704,34.58692],[135.57026,34.58693],[135.57013,34.58693],[135.56938,34.587],[135.56911,34.58707],[135.56917,34.58731],[135.56919,34.58738],[135.56922,34.58749],[135.56932,34.58787],[135.56931,34.58821],[135.56927,34.5894],[135.56929,34.58958],[135.56942,34.58977],[135.56946,34.5901],[135.56942,34.59032],[135.56932,34.59053],[135.56914,34.59073],[135.56892,34.59097],[135.56887,34.59103],[135.56881,34.59108],[135.56881,34.59109],[135.56877,34.59114],[135.56856,34.59137],[135.56852,34.59141],[135.56843,34.59148],[135.56829,34.5916],[135.56821,34.59167],[135.56804,34.59181],[135.5679,34.59196],[135.56787,34.59212],[135.56787,34.59256],[135.56786,34.59264],[135.56785,34.59269],[135.56782,34.59282],[135.56782,34.59286],[135.56779,34.5929],[135.56774,34.59299],[135.56771,34.59306],[135.56764,34.59318],[135.56761,34.59325],[135.56756,34.59333],[135.56756,34.59351],[135.56756,34.59353],[135.56754,34.59371],[135.56754,34.59374],[135.56746,34.59393],[135.56745,34.59395],[135.56734,34.59422],[135.56724,34.59445],[135.5672,34.59465],[135.56717,34.59496],[135.56715,34.59519],[135.56716,34.59554],[135.56667,34.59567],[135.56606,34.59585],[135.56604,34.59585],[135.56543,34.59597],[135.56448,34.59615],[135.5644,34.59613],[135.56436,34.59605],[135.56435,34.59592],[135.56426,34.59489],[135.56424,34.59474],[135.56422,34.59452],[135.56422,34.5945],[135.56391,34.59458],[135.56274,34.59487],[135.5626,34.59492],[135.56243,34.59498],[135.56223,34.59502],[135.56216,34.59502],[135.56197,34.59504],[135.56122,34.59509],[135.56095,34.59511],[135.56081,34.59512],[135.55987,34.59507],[135.55981,34.59507],[135.5591,34.59503],[135.55833,34.59503],[135.55808,34.59502],[135.55792,34.59502],[135.55785,34.59502],[135.55775,34.59502],[135.55754,34.59502],[135.5574,34.59502],[135.55729,34.59501],[135.55696,34.59501],[135.55635,34.595],[135.55611,34.59498],[135.5558,34.59493],[135.55559,34.59496],[135.55534,34.59501],[135.55506,34.595],[135.55463,34.59496],[135.55431,34.59494],[135.55394,34.59492],[135.55243,34.59497],[135.55232,34.59494],[135.55208,34.59486],[135.55184,34.5948],[135.55144,34.59478],[135.55056,34.59478],[135.55021,34.59477],[135.55016,34.59477],[135.55,34.59477],[135.5498,34.59477],[135.54964,34.59477],[135.54953,34.59481],[135.54952,34.59497],[135.54954,34.5954],[135.54955,34.59582],[135.5494,34.59579],[135.54927,34.5956],[135.54914,34.59545],[135.54903,34.59538],[135.54895,34.59534],[135.54877,34.59517],[135.54866,34.59506],[135.54861,34.59506],[135.54849,34.59504],[135.54797,34.59502],[135.54766,34.59505],[135.54755,34.59509],[135.54752,34.59519],[135.54749,34.59526],[135.54724,34.5953],[135.54716,34.59531],[135.54698,34.59534],[135.54689,34.59536],[135.54574,34.59533],[135.54532,34.59527],[135.54488,34.59517],[135.5447,34.59517],[135.54441,34.59517],[135.54434,34.59517],[135.54358,34.5952],[135.54358,34.59535],[135.54358,34.59543],[135.54359,34.5955],[135.54359,34.59556],[135.54359,34.59572],[135.54359,34.5958],[135.5436,34.59597],[135.5436,34.59605],[135.5436,34.59608],[135.54361,34.59677],[135.54362,34.59713],[135.54362,34.59726],[135.5436,34.59765],[135.5436,34.59774],[135.54359,34.59784],[135.5435,34.59879]]]]}},{"type":"Feature","properties":{"code":"27127","name":"北区"},"geometry":{"type":"MultiPolygon","coordinates":[[[[135.49747,34.69287],[135.49719,34.69283],[135.49712,34.6928],[135.49695,34.69279],[135.49619,34.69274],[135.49613,34.69273],[135.49612,34.69273],[135.49577,34.69269],[135.49542,34.6926],[135.49523,34.69256],[135.49496,34.6925],[135.49487,34.69248],[135.49482,34.69247],[135.49447,34.69237],[135.49434,34.69229],[135.49431,34.69226],[135.49383,34.69183],[135.49365,34.69167],[135.49331,34.69137],[135.49326,34.69134],[135.49289,34.69102],[135.49262,34.69079],[135.49167,34.69013],[135.49157,34.69006],[135.49046,34.68943],[135.49006,34.68921],[135.48836,34.68833],[135.48733,34.68778],[135.48674,34.68746],[135.48592,34.68702],[135.48512,34.68656],[135.48457,34.68622],[135.48396,34.68583],[135.48387,34.68576],[135.48386,34.68576],[135.4836,34.68557],[135.48333,34.68537],[135.48318,34.68525],[135.48302,34.68514],[135.48263,34.68497],[135.48257,34.68494],[135.48236,34.68488],[135.4821,34.68481],[135.48193,34.68476],[135.48134,34.68464],[135.48119,34.68465],[135.48153,34.6853],[135.48176,34.68566],[135.48178,34.6857],[135.48188,34.68585],[135.48194,34.68595],[135.48214,34.68623],[135.48235,34.68653],[135.4825,34.68672],[135.48289,34.6872],[135.48333,34.6877],[135.48345,34.68783],[135.48396,34.68842],[135.48444,34.689],[135.48495,34.68959],[135.48577,34.69054],[135.48637,34.69115],[135.48657,34.69137],[135.48665,34.69143],[135.48697,34.69167],[135.48701,34.6917],[135.48764,34.6921],[135.48846,34.69258],[135.48913,34.69293],[135.49014,34.69335],[135.491,34.69367],[135.49099,34.6937],[135.49088,34.69401],[135.49081,34.6942],[135.49062,34.69472],[135.49032,34.69545],[135.49026,34.6956],[135.49023,34.69567],[135.49022,34.69568],[135.49022,34.69582],[135.49022,34.69585],[135.49022,34.69594],[135.49025,34.6963],[135.49019,34.69646],[135.49014,34.69658],[135.49012,34.69664],[135.49008,34.69673],[135.49,34.69693],[135.4898,34.69745],[135.48971,34.69769],[135.4896,34.69797],[135.48957,34.69805],[135.48955,34.6981],[135.48941,34.69847],[135.48938,34.69865],[135.48934,34.69887],[135.48934,34.69888],[135.48941,34.69909],[135.48942,34.69912],[135.48965,34.69955],[135.48985,34.7],[135.48988,34.70007],[135.48993,34.70025],[135.49014,34.70096],[135.49027,34.70134],[135.49068,34.70257],[135.49027,34.70252],[135.49019,34.70251],[135.48912,34.70239],[135.48908,34.70238],[135.48903,34.70238],[135.48866,34.70233],[135.48863,34.70233],[135.48858,34.70232],[135.48828,34.70229],[135.48827,34.70207],[135.48825,34.70163],[135.48822,34.7011],[135.48822,34.70107],[135.48822,34.701],[135.48741,34.70099],[135.48732,34.70101],[135.48719,34.70103],[135.48686,34.70109],[135.4864,34.70108],[135.48575,34.70106],[135.48574,34.70103],[135.48565,34.7006],[135.48558,34.7006],[135.48545,34.70058],[135.48511,34.70054],[135.485,34.70053],[135.48457,34.7005],[135.4843,34.70047],[135.48424,34.70019],[135.48421,34.7],[135.48415,34.69969],[135.48404,34.69969],[135.48403,34.69969],[135.48333,34.69995],[135.4832,34.7],[135.48317,34.70001],[135.4824,34.70029],[135.48233,34.70032],[135.48228,34.70035],[135.48182,34.70055],[135.48178,34.70056],[135.48173,34.70058],[135.4812,34.70081],[135.48116,34.70083],[135.4811,34.70085],[135.48081,34.70098],[135.48039,34.70118],[135.48028,34.70124],[135.47984,34.70145],[135.47966,34.70154],[135.47959,34.70158],[135.47951,34.70163],[135.47937,34.7017],[135.47922,34.70178],[135.47897,34.70197],[135.47887,34.70205],[135.4788,34.7021],[135.4784,34.70242],[135.47808,34.70275],[135.47775,34.70314],[135.47768,34.70322],[135.47751,34.70342],[135.47744,34.70349],[135.47741,34.70354],[135.47735,34.70361],[135.4773,34.70366],[135.47724,34.70373],[135.47711,34.70388],[135.47693,34.70409],[135.47674,34.7043],[135.4761,34.70504],[135.47579,34.70539],[135.47512,34.70615],[135.475,34.7063],[135.47444,34.70697],[135.475,34.70729],[135.47509,34.70734],[135.47671,34.70833],[135.47859,34.70949],[135.4787,34.70955],[135.48328,34.71228],[135.48333,34.71231],[135.48334,34.71232],[135.4848,34.71321],[135.4861,34.714],[135.48635,34.71415],[135.48648,34.71423],[135.48661,34.71431],[135.48688,34.71447],[135.48699,34.71454],[135.48761,34.71491],[135.48912,34.7158],[135.49058,34.71667],[135.49167,34.71731],[135.4917,34.71733],[135.49266,34.71788],[135.49326,34.71817],[135.49441,34.71865],[135.49508,34.71886],[135.49616,34.71906],[135.49661,34.71911],[135.49694,34.71913],[135.49719,34.71915],[135.49787,34.71916],[135.49831,34.71917],[135.49938,34.71918],[135.49961,34.71919],[135.5,34.71919],[135.50072,34.7192],[135.50299,34.71932],[135.50311,34.71933],[135.50326,34.71935],[135.50354,34.71937],[135.50364,34.71938],[135.50368,34.71939],[135.50393,34.71941],[135.50437,34.71945],[135.50572,34.71955],[135.50777,34.71967],[135.50833,34.7197],[135.50917,34.71975],[135.51008,34.71982],[135.51034,34.71985],[135.51054,34.71987],[135.51122,34.71994],[135.51218,34.72003],[135.51276,34.72009],[135.51468,34.72033],[135.51481,34.72057],[135.51537,34.72039],[135.51578,34.72026],[135.5161,34.72016],[135.51625,34.72011],[135.51627,34.7201],[135.51667,34.71998],[135.51668,34.71997],[135.51669,34.71997],[135.51685,34.71992],[135.51693,34.71989],[135.51782,34.71964],[135.51794,34.71958],[135.51843,34.71934],[135.51911,34.71889],[135.51972,34.71828],[135.51999,34.7179],[135.52053,34.71714],[135.52078,34.71675],[135.52081,34.71667],[135.521,34.71621],[135.52117,34.71579],[135.52118,34.71575],[135.52139,34.71499],[135.52148,34.71467],[135.52149,34.71458],[135.52158,34.71394],[135.52157,34.71311],[135.52151,34.71267],[135.5215,34.71257],[135.52147,34.7123],[135.52134,34.71193],[135.52128,34.7117],[135.52112,34.71146],[135.52108,34.71139],[135.52097,34.71125],[135.52075,34.71097],[135.52012,34.71033],[135.52002,34.71021],[135.51881,34.70893],[135.51854,34.70854],[135.5184,34.70833],[135.51821,34.70806],[135.51818,34.70802],[135.51801,34.70777],[135.51791,34.70756],[135.51783,34.70739],[135.51775,34.70724],[135.51773,34.70667],[135.51773,34.70636],[135.51782,34.70588],[135.51788,34.70565],[135.51809,34.70504],[135.51815,34.70491],[135.51849,34.70426],[135.51862,34.704],[135.51927,34.70308],[135.51984,34.7023],[135.5203,34.70178],[135.52064,34.70137],[135.52101,34.70093],[135.52165,34.70018],[135.52174,34.70002],[135.52175,34.7],[135.52176,34.7],[135.52198,34.69962],[135.52224,34.69911],[135.52249,34.69861],[135.52261,34.69836],[135.52279,34.69758],[135.52286,34.69733],[135.52291,34.69695],[135.52293,34.69681],[135.52295,34.69634],[135.52295,34.69622],[135.52292,34.69596],[135.52288,34.69564],[135.52285,34.69536],[135.52263,34.69467],[135.52241,34.69426],[135.52233,34.6941],[135.52231,34.69407],[135.52203,34.69363],[135.52182,34.69338],[135.52164,34.69316],[135.52107,34.69258],[135.52101,34.69253],[135.52063,34.69224],[135.52008,34.69193],[135.51958,34.69168],[135.51953,34.69167],[135.51836,34.69128],[135.5175,34.69118],[135.51732,34.69116],[135.5171,34.69114],[135.51667,34.69114],[135.516,34.69115],[135.51496,34.69117],[135.51487,34.69116],[135.5135,34.69109],[135.5126,34.69104],[135.51174,34.69098],[135.51143,34.69095],[135.51055,34.69089],[135.5105,34.69088],[135.51049,34.69089],[135.5095,34.69129],[135.50935,34.69136],[135.50891,34.69155],[135.50862,34.69167],[135.50833,34.69177],[135.50777,34.69199],[135.50753,34.69207],[135.50713,34.6922],[135.50684,34.69228],[135.50598,34.69251],[135.50585,34.69254],[135.50485,34.69263],[135.5038,34.6927],[135.50361,34.69272],[135.50275,34.69281],[135.50239,34.69286],[135.50136,34.69299],[135.50102,34.69303],[135.50099,34.69303],[135.50062,34.69308],[135.5,34.69306],[135.49901,34.69303],[135.49863,34.693],[135.49861,34.693],[135.49819,34.69297],[135.49747,34.69287]]]]}},{"type":"Feature","properties":{"code":"27128","name":"中央区"},"geometry":{"type":"MultiPolygon","coordinates":[[[[135.5,34.66473],[135.49995,34.66479],[135.49987,34.66492],[135.49916,34.66594],[135.49872,34.66661],[135.49868,34.66667],[135.49853,34.66689],[135.49852,34.66695],[135.49851,34.66705],[135.4985,34.66711],[135.49849,34.66716],[135.49848,34.66721],[135.49847,34.6673],[135.49847,34.66731],[135.49846,34.66733],[135.49836,34.66752],[135.49739,34.66873],[135.49724,34.66883],[135.49719,34.66897],[135.49689,34.66897],[135.49682,34.66897],[135.49673,34.66901],[135.49674,34.66919],[135.49674,34.66926],[135.49676,34.6698],[135.49676,34.66984],[135.49676,34.66989],[135.49676,34.66992],[135.49678,34.67017],[135.49678,34.67023],[135.49684,34.67095],[135.49684,34.67098],[135.49684,34.67105],[135.49691,34.6719],[135.49696,34.67231],[135.49697,34.67238],[135.49698,34.67245],[135.49701,34.67272],[135.49712,34.6735],[135.49713,34.67358],[135.49714,34.67364],[135.49719,34.67404],[135.49727,34.675],[135.49729,34.67527],[135.4973,34.67536],[135.49733,34.6758],[135.49734,34.67591],[135.49734,34.67599],[135.49735,34.67607],[135.49741,34.67671],[135.49741,34.67676],[135.49742,34.67681],[135.49746,34.67728],[135.49747,34.67762],[135.49747,34.67765],[135.49752,34.67885],[135.49754,34.67916],[135.49757,34.67962],[135.49756,34.67983],[135.49756,34.67995],[135.49755,34.68034],[135.49755,34.68126],[135.49755,34.6814],[135.49756,34.6815],[135.49756,34.6816],[135.49756,34.68194],[135.49757,34.68196],[135.49757,34.68208],[135.49758,34.68274],[135.49759,34.68304],[135.4976,34.68333],[135.4976,34.68334],[135.49762,34.6838],[135.49762,34.6839],[135.49765,34.68462],[135.49759,34.68508],[135.49757,34.68528],[135.49757,34.68533],[135.49756,34.68543],[135.49753,34.68615],[135.4975,34.68671],[135.49749,34.6869],[135.49749,34.68693],[135.49747,34.68731],[135.49746,34.68742],[135.49745,34.68764],[135.49744,34.68773],[135.49744,34.68783],[135.49732,34.68913],[135.49719,34.69063],[135.49737,34.69079],[135.49739,34.69167],[135.4974,34.69191],[135.4974,34.69205],[135.49741,34.69229],[135.49743,34.6925],[135.49745,34.69267],[135.49747,34.69287],[135.49819,34.69297],[135.49861,34.693],[135.49863,34.693],[135.49901,34.69303],[135.5,34.69306],[135.50062,34.69308],[135.50099,34.69303],[135.50102,34.69303],[135.50136,34.69299],[135.50239,34.69286],[135.50275,34.69281],[135.50361,34.69272],[135.5038,34.6927],[135.50485,34.69263],[135.50585,34.69254],[135.50598,34.69251],[135.50684,34.69228],[135.50713,34.6922],[135.50753,34.69207],[135.50777,34.69199],[135.50833,34.69177],[135.50862,34.69167],[135.50891,34.69155],[135.50935,34.69136],[135.5095,34.69129],[135.51049,34.69089],[135.5105,34.69088],[135.51055,34.69089],[135.51143,34.69095],[135.51174,34.69098],[135.5126,34.69104],[135.5135,34.69109],[135.51487,34.69116],[135.51496,34.69117],[135.516,34.69115],[135.51667,34.69114],[135.5171,34.69114],[135.51732,34.69116],[135.5175,34.69118],[135.51836,34.69128],[135.51953,34.69167],[135.51958,34.69168],[135.52008,34.69193],[135.52012,34.69191],[135.52018,34.69188],[135.52057,34.69169],[135.52062,34.69167],[135.52104,34.69146],[135.52125,34.69136],[135.5216,34.69124],[135.52165,34.69123],[135.5222,34.69105],[135.52238,34.69108],[135.52276,34.69113],[135.5234,34.69128],[135.5242,34.6915],[135.52478,34.69167],[135.5248,34.69167],[135.52483,34.69168],[135.525,34.69173],[135.5255,34.69187],[135.5257,34.69193],[135.52631,34.69217],[135.52656,34.69228],[135.52678,34.69238],[135.52696,34.69245],[135.52764,34.69275],[135.52832,34.69311],[135.52866,34.69328],[135.52889,34.6934],[135.52912,34.69352],[135.52985,34.69384],[135.52999,34.6939],[135.53126,34.69439],[135.53185,34.69457],[135.5319,34.69459],[135.53236,34.69473],[135.53333,34.695],[135.53344,34.69503],[135.53427,34.6953],[135.53458,34.69539],[135.53482,34.69547],[135.53484,34.69543],[135.53491,34.69528],[135.53499,34.69511],[135.53538,34.69428],[135.53542,34.69418],[135.53545,34.6941],[135.53551,34.69396],[135.5356,34.69375],[135.5357,34.6935],[135.53577,34.69315],[135.53577,34.6931],[135.53578,34.69296],[135.5358,34.69203],[135.53583,34.6918],[135.53585,34.69167],[135.53589,34.69143],[135.53589,34.69126],[135.53589,34.69123],[135.5359,34.69093],[135.53534,34.69008],[135.53529,34.69],[135.53516,34.68978],[135.53513,34.68973],[135.5351,34.68958],[135.53499,34.68905],[135.53491,34.68844],[135.53476,34.68827],[135.53464,34.68814],[135.53457,34.68763],[135.53447,34.68672],[135.53443,34.6856],[135.53431,34.6834],[135.5343,34.68333],[135.53429,34.68325],[135.53427,34.68264],[135.53425,34.68198],[135.53425,34.68174],[135.53425,34.68145],[135.53425,34.68117],[135.53425,34.68035],[135.53428,34.67985],[135.53433,34.67969],[135.53435,34.6795],[135.53437,34.67934],[135.53438,34.67917],[135.53442,34.67875],[135.53444,34.67855],[135.5344,34.67807],[135.53436,34.67788],[135.53431,34.67765],[135.53426,34.67743],[135.53416,34.677],[135.53417,34.67684],[135.53416,34.67682],[135.5336,34.675],[135.53355,34.67481],[135.53333,34.6748],[135.53277,34.6748],[135.53257,34.6748],[135.53245,34.6748],[135.53175,34.67479],[135.53165,34.67479],[135.53163,34.67479],[135.53158,34.67479],[135.53035,34.67485],[135.53031,34.67485],[135.52974,34.67488],[135.52957,34.67489],[135.52949,34.6749],[135.52863,34.67495],[135.52837,34.675],[135.52747,34.67515],[135.52744,34.67516],[135.52739,34.67517],[135.5266,34.67531],[135.52623,34.67537],[135.52613,34.67539],[135.52538,34.67553],[135.525,34.67558],[135.52443,34.67566],[135.52404,34.67571],[135.52373,34.67579],[135.52369,34.6758],[135.52364,34.67581],[135.5233,34.67589],[135.52168,34.67606],[135.52164,34.67606],[135.5216,34.67607],[135.52151,34.67607],[135.52125,34.6759],[135.52116,34.67584],[135.52112,34.67581],[135.52098,34.67572],[135.5207,34.67553],[135.52055,34.67543],[135.52044,34.67536],[135.5204,34.67533],[135.52037,34.675],[135.52033,34.67469],[135.52033,34.67465],[135.5203,34.67432],[135.52029,34.67429],[135.52029,34.67426],[135.52018,34.67318],[135.52017,34.67315],[135.52017,34.67308],[135.52014,34.67286],[135.52012,34.67261],[135.52011,34.67256],[135.52003,34.67184],[135.52001,34.67167],[135.52,34.67159],[135.51999,34.67151],[135.51998,34.67144],[135.51997,34.67138],[135.51996,34.67125],[135.51995,34.67115],[135.51994,34.67106],[135.51992,34.67094],[135.51991,34.67085],[135.51986,34.67036],[135.51984,34.67016],[135.51981,34.66992],[135.5198,34.66981],[135.51963,34.66911],[135.51962,34.66908],[135.51961,34.66903],[135.51958,34.66891],[135.51953,34.66864],[135.51941,34.66797],[135.51937,34.66776],[135.51931,34.66753],[135.51917,34.66688],[135.51917,34.66685],[135.51913,34.66667],[135.51907,34.66639],[135.51903,34.66623],[135.51902,34.66616],[135.51901,34.66613],[135.51896,34.66587],[135.5189,34.66588],[135.51809,34.66598],[135.51798,34.66599],[135.5176,34.66603],[135.51713,34.6661],[135.51705,34.66611],[135.51667,34.66617],[135.51638,34.66621],[135.51637,34.66621],[135.51629,34.66622],[135.51589,34.66625],[135.51586,34.66626],[135.51568,34.66627],[135.51565,34.66628],[135.51548,34.66629],[135.515,34.66634],[135.51441,34.66637],[135.51437,34.66637],[135.51433,34.66638],[135.51391,34.6664],[135.51349,34.66642],[135.51345,34.66642],[135.51339,34.66642],[135.51279,34.66644],[135.51219,34.66647],[135.51198,34.66648],[135.5119,34.66648],[135.5115,34.6665],[135.5115,34.66649],[135.5115,34.66645],[135.51149,34.66641],[135.51149,34.6664],[135.51147,34.66627],[135.51147,34.66611],[135.51147,34.66596],[135.51146,34.66589],[135.51143,34.66519],[135.51142,34.66504],[135.5114,34.66464],[135.51129,34.66465],[135.5109,34.66467],[135.51089,34.66438],[135.51088,34.66412],[135.51083,34.66351],[135.51082,34.66348],[135.51082,34.66345],[135.51073,34.6625],[135.51033,34.66255],[135.5103,34.66255],[135.50968,34.66262],[135.50964,34.66263],[135.50917,34.66269],[135.50914,34.66269],[135.5091,34.66269],[135.50833,34.66279],[135.5081,34.66282],[135.50806,34.66282],[135.50802,34.66282],[135.50743,34.6629],[135.5069,34.66295],[135.50686,34.66295],[135.50682,34.66296],[135.50636,34.663],[135.50611,34.66307],[135.50601,34.6631],[135.50572,34.66317],[135.50564,34.66319],[135.50535,34.6632],[135.50529,34.66321],[135.50524,34.66321],[135.50413,34.66325],[135.50407,34.66325],[135.50403,34.66325],[135.50396,34.66325],[135.50389,34.66326],[135.5037,34.66326],[135.50366,34.66326],[135.50327,34.66327],[135.5031,34.66331],[135.50295,34.66363],[135.50287,34.66362],[135.5028,34.6636],[135.50274,34.66359],[135.5024,34.66353],[135.50233,34.66352],[135.50206,34.66347],[135.50178,34.66342],[135.50161,34.6634],[135.5015,34.66342],[135.5014,34.66343],[135.50103,34.66328],[135.50048,34.66404],[135.50008,34.66461],[135.50006,34.66464],[135.5,34.66473]]]]}}]}